image_id,dx
0053d7cd-549c-48cd-b370-b4ad64a8098a.jpg,dyed-lifted-polyps
007d5aa7-7289-4bad-aa4a-5c3a259e9b19.jpg,dyed-lifted-polyps
00cf9508-6ad1-4db9-840a-519c1d515c30.jpg,dyed-lifted-polyps
01507fbd-4d38-4525-9768-7754710f507c.jpg,dyed-lifted-polyps
018ed8ed-e489-4bbb-8a99-3346db9ec160.jpg,dyed-lifted-polyps
0195c5a6-5ddf-471c-9868-2ea66b81f440.jpg,dyed-lifted-polyps
01d38b8f-74b2-4147-9519-448d05bf8745.jpg,dyed-lifted-polyps
02c10865-9d23-4f6b-aa5d-f73b63b6d67f.jpg,dyed-lifted-polyps
031a6e89-d3b7-48c8-8e2f-db991030f959.jpg,dyed-lifted-polyps
03a49a2e-c8d4-4dcd-b5e7-3d1722ed5db3.jpg,dyed-lifted-polyps
041daea7-c9cd-43f9-ae77-b8ecb694a6a2.jpg,dyed-lifted-polyps
04293e0c-1593-45d7-887f-3b6e413d97d4.jpg,dyed-lifted-polyps
04391f36-f787-4acf-9312-ccc0e6e52f39.jpg,dyed-lifted-polyps
04677c9d-9cdb-45f1-8ddd-c76a2bcf3963.jpg,dyed-lifted-polyps
047981d3-e279-4910-bd1a-b6d3f1e2088b.jpg,dyed-lifted-polyps
051b0c4e-f7ad-417b-8f4f-2e76c2d6d6e7.jpg,dyed-lifted-polyps
05cec76d-281a-4901-b2e7-de98c0207088.jpg,dyed-lifted-polyps
0626da74-5a42-4f55-9557-b2141dc79759.jpg,dyed-lifted-polyps
06976210-ea7b-4b39-8719-872997278dd6.jpg,dyed-lifted-polyps
0714e5ee-8308-43b2-8092-cc2c7b3378fd.jpg,dyed-lifted-polyps
07270b1b-84de-40d2-bbff-698bf3b91512.jpg,dyed-lifted-polyps
07b354f4-412e-4fb3-95aa-75b7409ce334.jpg,dyed-lifted-polyps
07b4807f-5d4c-4e08-8629-6095f5b86df1.jpg,dyed-lifted-polyps
07bba164-2e5b-43ce-80fa-f6b7ce3a90bf.jpg,dyed-lifted-polyps
08509852-29f4-452c-a4a6-e310edaa852d.jpg,dyed-lifted-polyps
08aad205-0c38-4cf4-ac0b-cbd9181413a9.jpg,dyed-lifted-polyps
095d7ff1-e397-4bfb-978d-83a9d3f20d40.jpg,dyed-lifted-polyps
09b7e0c1-feee-4f70-a351-5a122ce92a1e.jpg,dyed-lifted-polyps
09e454a5-e76f-4547-9b7a-4be4c5bce9ef.jpg,dyed-lifted-polyps
0a42cb65-e906-46b3-936a-f5f1dc71f108.jpg,dyed-lifted-polyps
0a447c72-3a6f-43ac-a236-ca588f0435d4.jpg,dyed-lifted-polyps
0a542bb0-0172-4bc4-890d-327fa45b85b3.jpg,dyed-lifted-polyps
0a7bdce4-ac0d-44ef-93ee-92dfc8fe0b81.jpg,dyed-lifted-polyps
0ad65fea-9e8e-4410-a943-dbb6b94107b1.jpg,dyed-lifted-polyps
0afc0689-2f7e-4f79-9aa8-5f4531d9549d.jpg,dyed-lifted-polyps
0b815392-cf2f-458b-b22d-c4ae2927df8b.jpg,dyed-lifted-polyps
0ba205b3-9c23-4d95-9d46-624a550c48be.jpg,dyed-lifted-polyps
0bf20651-4369-41e5-b62d-7689a682e994.jpg,dyed-lifted-polyps
0c51b66c-bf82-434f-8376-f5e0beec2e81.jpg,dyed-lifted-polyps
0d903cfb-02d8-49fa-abd2-01ca60025b16.jpg,dyed-lifted-polyps
0d99e0d7-02a9-4578-aab1-1460b2446ba5.jpg,dyed-lifted-polyps
0da9c916-f978-4cc6-b1a2-e424c980bf17.jpg,dyed-lifted-polyps
0de004f5-2c4e-4f45-9439-a0f7fd5fb3a0.jpg,dyed-lifted-polyps
0ecfc13c-9213-4738-9365-ca94a5dd3eed.jpg,dyed-lifted-polyps
0f373f61-d7d5-4e6b-b6a4-ff5ba33ba62b.jpg,dyed-lifted-polyps
1095b496-3ccc-4758-8429-fb85c59baf45.jpg,dyed-lifted-polyps
10d78f91-9f3c-42c4-bca3-a8f8c91fccd7.jpg,dyed-lifted-polyps
1144ef26-edfe-493f-9c2b-10074ae5c5f8.jpg,dyed-lifted-polyps
119c9e8d-3214-4179-b23f-7b40c60f071c.jpg,dyed-lifted-polyps
12dd15cb-a9f5-4ddc-8dd1-0c4e37138304.jpg,dyed-lifted-polyps
12fb09b6-a6c2-4e78-81d0-8502f576e473.jpg,dyed-lifted-polyps
131bed9f-da09-4ffb-b7c5-e3a59d59e33d.jpg,dyed-lifted-polyps
1392de5a-9a8d-4400-9236-d4734d9ebd2c.jpg,dyed-lifted-polyps
13f0a798-fa5c-43b5-8d0f-8835930aaca3.jpg,dyed-lifted-polyps
140670b4-221e-4149-b748-f29940067147.jpg,dyed-lifted-polyps
14177494-4eda-4ee2-ba8a-0ffe6033d4e3.jpg,dyed-lifted-polyps
141b4b51-34b2-4bb8-a968-bf352b9c50c9.jpg,dyed-lifted-polyps
144e9e19-2ffd-4f7d-bc8c-e669aa474fdf.jpg,dyed-lifted-polyps
1484493f-b6a9-43d1-82dc-a7a78ddd2490.jpg,dyed-lifted-polyps
1547239e-0bf2-4798-9260-15978990bad5.jpg,dyed-lifted-polyps
1567b54f-28ac-438c-802e-31ffbeee562d.jpg,dyed-lifted-polyps
162ede68-ee27-4a85-8658-c1bc9bac11f6.jpg,dyed-lifted-polyps
165afe0d-d619-4245-895a-72d711b95c18.jpg,dyed-lifted-polyps
1772420c-014c-4922-a54f-36308db05ce6.jpg,dyed-lifted-polyps
18cc7835-7f43-4953-9d17-809c2d3abaaf.jpg,dyed-lifted-polyps
18fdc8a2-3c2a-4557-8de9-0cdb99932e76.jpg,dyed-lifted-polyps
192da57a-cb2f-4a75-acb4-a34f9af10c4c.jpg,dyed-lifted-polyps
194b7e19-a8ba-43ca-ac0a-1f48e8ad9a97.jpg,dyed-lifted-polyps
1950947d-bce3-4979-b669-d28904eaaaaa.jpg,dyed-lifted-polyps
195f99c7-bd05-4189-86f3-89480d1d3913.jpg,dyed-lifted-polyps
197926f0-ede5-4391-bedd-12e66d655159.jpg,dyed-lifted-polyps
1a97ff49-0725-4037-b533-5e1e44be3dfd.jpg,dyed-lifted-polyps
1b6d77f2-a6ed-46bb-b981-8d2f77114c27.jpg,dyed-lifted-polyps
1b996aa4-c81b-4157-93e0-55a0aaa78089.jpg,dyed-lifted-polyps
1c6cc338-6c81-443f-b775-a4e8eb8f05ca.jpg,dyed-lifted-polyps
1cbd371a-79ef-4ffd-b868-5d146e50bb9f.jpg,dyed-lifted-polyps
1cfa62c9-2880-4a7e-b16b-7628fe133435.jpg,dyed-lifted-polyps
1d8f2615-0ba3-4ef6-a07e-b5e238cd790a.jpg,dyed-lifted-polyps
1dba6b4b-6d67-43ba-a3c2-928e9a8e95d4.jpg,dyed-lifted-polyps
1dd03288-4469-45d7-927a-7b4b65fe9190.jpg,dyed-lifted-polyps
1e828ffa-33f1-4c77-bdb4-3d5e55c8eb12.jpg,dyed-lifted-polyps
1f1499e9-ed76-4ccc-91a0-456bcd5520c4.jpg,dyed-lifted-polyps
1f171e07-ed73-4e39-b17e-9e6fc95459c9.jpg,dyed-lifted-polyps
1f501658-08bb-4765-87c9-5e1fc6f4f5d6.jpg,dyed-lifted-polyps
1fd2612b-18d5-4155-b426-72abaa45fac4.jpg,dyed-lifted-polyps
200a2e24-8f11-4ca6-aaa5-4c73e10be63f.jpg,dyed-lifted-polyps
201df7f0-cd85-4af9-9012-bf4f70792444.jpg,dyed-lifted-polyps
207bca64-27b7-4322-9908-f65e18699f68.jpg,dyed-lifted-polyps
20fc8fba-6440-4808-be5c-695556d7a59d.jpg,dyed-lifted-polyps
212ea20b-fa4b-43ec-9b50-f6d355c1b72d.jpg,dyed-lifted-polyps
21f1c841-f5ad-43cc-9c62-3fc1a1658cc5.jpg,dyed-lifted-polyps
2248f4a1-3827-47a8-922e-1884cad3649d.jpg,dyed-lifted-polyps
22fe9ac9-68c0-4344-91dd-12495657d17a.jpg,dyed-lifted-polyps
2301e1bd-9d61-4159-89f9-2382043c4e0a.jpg,dyed-lifted-polyps
2335d64a-6f62-4f6e-a907-811850464a53.jpg,dyed-lifted-polyps
23745e74-a557-483f-aed6-beca9e90f303.jpg,dyed-lifted-polyps
23c56064-4697-4fd6-b083-e5f5f7523f63.jpg,dyed-lifted-polyps
24210ceb-3a29-4386-a501-812f337ef6b6.jpg,dyed-lifted-polyps
24fe87e4-c66f-4c2f-9e19-748e4bc9a1d5.jpg,dyed-lifted-polyps
2608470f-6d89-4d33-83a8-de62c1e72b3a.jpg,dyed-lifted-polyps
26ddc503-33aa-4896-b783-92a2cb59ebee.jpg,dyed-lifted-polyps
26e6dc9a-1e5f-4501-9ecf-8467711455b5.jpg,dyed-lifted-polyps
26e73de4-a082-413e-af3d-76b939ec9648.jpg,dyed-lifted-polyps
274c61a7-69b5-400b-ac06-76539d737035.jpg,dyed-lifted-polyps
275f28fc-f798-4807-8c87-e488c34a7822.jpg,dyed-lifted-polyps
27d59bea-25a5-49a6-a51a-3c84d7501ac8.jpg,dyed-lifted-polyps
296d0174-71f2-4022-9cad-5f14517ddd43.jpg,dyed-lifted-polyps
29d0baf9-5e97-401e-a788-ac46d55f93c9.jpg,dyed-lifted-polyps
2ba7feb4-9053-45e4-9f43-b715dc6ce951.jpg,dyed-lifted-polyps
2c3d00a1-22a5-48e6-bf4f-737606d98a34.jpg,dyed-lifted-polyps
2cf6ee7b-3d8c-4cd2-bd0e-6b1dd0abe63d.jpg,dyed-lifted-polyps
2d0ab1d2-fec4-4704-90d5-556f2dff9d18.jpg,dyed-lifted-polyps
2d49d0a3-549b-4fd0-bf3a-33f8456ee98f.jpg,dyed-lifted-polyps
2dd46d94-7dab-4dbd-b59e-e85cb2f0ea65.jpg,dyed-lifted-polyps
2dfadc36-3a13-4f31-8d8f-192bdc89c9ab.jpg,dyed-lifted-polyps
2f68defc-2513-4d49-a52c-38cec6437daa.jpg,dyed-lifted-polyps
2f87ab08-6908-4e20-af28-44ee91348191.jpg,dyed-lifted-polyps
301351c4-3f6f-474e-ab26-ed398174f7c3.jpg,dyed-lifted-polyps
301718e9-bbdf-4cdd-a665-908c36ae31ea.jpg,dyed-lifted-polyps
3124302b-9fe9-46f4-a346-f1e6945872d2.jpg,dyed-lifted-polyps
31604d8a-e8ac-4d98-969d-8627321ad8c7.jpg,dyed-lifted-polyps
335adfe9-89ea-4ac7-bcba-1fdd4cc844da.jpg,dyed-lifted-polyps
336e3a19-e49b-4753-ac07-bace29944b6a.jpg,dyed-lifted-polyps
338876e1-4a56-4b7c-af24-84ab62a871fd.jpg,dyed-lifted-polyps
33fc0255-cf9f-4a70-856c-0c897beeb8a7.jpg,dyed-lifted-polyps
349af834-8cea-4637-9441-c7bbf4c41484.jpg,dyed-lifted-polyps
34b834fd-3327-465b-a48a-b055427409b6.jpg,dyed-lifted-polyps
35260f8c-9cdd-4e6c-b35c-1094835900fe.jpg,dyed-lifted-polyps
355bf366-f3c4-4f10-872e-c864b6fc878a.jpg,dyed-lifted-polyps
3564be22-d58c-4194-8a31-647894585f55.jpg,dyed-lifted-polyps
361163c6-2be7-4c90-b507-26fc46e30cc1.jpg,dyed-lifted-polyps
364c7d9c-f5f2-4af4-9a7e-62f8381d61fa.jpg,dyed-lifted-polyps
36928da6-bc26-4fb3-a01c-b673b35ae8e3.jpg,dyed-lifted-polyps
37655d2f-5b55-4763-873b-5538d9f97858.jpg,dyed-lifted-polyps
37ab3ed0-ff57-4138-bfbc-559cacb2fad5.jpg,dyed-lifted-polyps
37e21c86-d49e-45ff-82d6-b9ba47709738.jpg,dyed-lifted-polyps
386d9361-8919-489d-9058-41357b26200f.jpg,dyed-lifted-polyps
389c76a0-5206-4a9e-8904-754938f84146.jpg,dyed-lifted-polyps
38bfe2a5-7deb-48fe-bc44-feec0d23f6d2.jpg,dyed-lifted-polyps
3983e21f-6989-47d9-9188-fff27302579b.jpg,dyed-lifted-polyps
39e8d8b9-afcc-4c08-84dd-eddc315cba26.jpg,dyed-lifted-polyps
3a2eb8e7-3705-420a-9f99-66db347def47.jpg,dyed-lifted-polyps
3a5ef56b-2d9a-45d1-8bcf-94da028b2c99.jpg,dyed-lifted-polyps
3abafd3e-b465-4c95-adec-6d5afcdbc61b.jpg,dyed-lifted-polyps
3afd1bd8-523b-46c8-b33a-c8f596fff718.jpg,dyed-lifted-polyps
3b38e82c-3f44-45ab-a4ad-1cbd1b7fbdc2.jpg,dyed-lifted-polyps
3c38d8a9-52d4-415e-b8a2-25fa28d87393.jpg,dyed-lifted-polyps
3c5a1e94-3952-4d2f-93f5-3818d1a4a63e.jpg,dyed-lifted-polyps
3d266fb8-1d98-4e93-afd8-d339f4ad57bf.jpg,dyed-lifted-polyps
3d3e760a-b3d2-4f91-ab6e-4cc554393df3.jpg,dyed-lifted-polyps
3e775a06-d462-4902-bda1-0f89f0b4cdde.jpg,dyed-lifted-polyps
3e98c394-c1d0-41fe-ae41-6ae173d4ad18.jpg,dyed-lifted-polyps
3ea62810-2d4f-4c9f-a227-bb4077865e2c.jpg,dyed-lifted-polyps
3fe68ea3-2c1c-4577-99b6-43c03e853848.jpg,dyed-lifted-polyps
3fff713a-a007-4ac9-a67d-e646098c5231.jpg,dyed-lifted-polyps
40f6ef85-0e89-457c-aaae-cabe2bbe47ea.jpg,dyed-lifted-polyps
4128a5ff-df5d-4b3a-9560-bd131a13526a.jpg,dyed-lifted-polyps
427bbdc5-d1b5-4ee3-afeb-c8091c9cb10f.jpg,dyed-lifted-polyps
427f4ba3-0f04-4927-bea4-7f16654d0e1f.jpg,dyed-lifted-polyps
43bce302-c0c0-4dee-bfd3-adef610ecdfb.jpg,dyed-lifted-polyps
43f11034-7c6e-429e-98ef-cb9189a84fa6.jpg,dyed-lifted-polyps
4471f752-22d1-4999-a658-849bfec6ea6f.jpg,dyed-lifted-polyps
44c2002a-abd6-42d9-8122-a131040e154c.jpg,dyed-lifted-polyps
45e8f0ff-ebf4-46f9-a4bf-be217a59a552.jpg,dyed-lifted-polyps
46013e17-dfcf-4ca8-a2b0-b83fb5da0501.jpg,dyed-lifted-polyps
4662b9c6-b6b4-4176-ab39-3a7a4024b890.jpg,dyed-lifted-polyps
46c77000-41c4-4bea-b252-6fa56cdb70e9.jpg,dyed-lifted-polyps
47fefa1d-19a3-480c-92fd-2fb24d972e49.jpg,dyed-lifted-polyps
4b5b559b-2603-4181-b0e6-433b9365f68e.jpg,dyed-lifted-polyps
4b6a87ee-7bcf-479b-9bd1-d846931d40a9.jpg,dyed-lifted-polyps
4b781702-e434-418e-8b62-7519aefa8b71.jpg,dyed-lifted-polyps
4bf3c2fe-9570-49d3-afe0-8a233461ed38.jpg,dyed-lifted-polyps
4c06ec7b-4c83-4cf1-8d74-c303ec439b23.jpg,dyed-lifted-polyps
4c42ed3a-a609-44c8-bf79-8f9657a235b2.jpg,dyed-lifted-polyps
4c653e67-57f6-49c5-a139-20de06ce4938.jpg,dyed-lifted-polyps
4ef28303-6912-4aac-aa8f-b36ae3697096.jpg,dyed-lifted-polyps
4f712873-051a-418e-8cbd-8bf1f5f4ae23.jpg,dyed-lifted-polyps
4f7b8e85-a1ad-40c3-8ea0-60e2b682a045.jpg,dyed-lifted-polyps
501681e0-6c59-4e89-8170-36d2ab45f254.jpg,dyed-lifted-polyps
502d944d-ef30-49f8-ba03-e004fe6ee3a1.jpg,dyed-lifted-polyps
512ee76f-9cfd-4af3-ab7f-1bb442046162.jpg,dyed-lifted-polyps
519f6549-9ccc-4bf8-bffa-425776abc4c2.jpg,dyed-lifted-polyps
51a73b57-e0ea-444f-b2c2-04cf90d57458.jpg,dyed-lifted-polyps
51cacc12-b4f0-4f29-b7f5-20706932a617.jpg,dyed-lifted-polyps
5326e569-e658-4380-bfab-cbaa8e92c4f0.jpg,dyed-lifted-polyps
538d0f31-be4d-431d-b432-79148471d8b2.jpg,dyed-lifted-polyps
53e22e19-e76c-465b-bb9e-06d6d57c59ba.jpg,dyed-lifted-polyps
5421247f-fec8-4ae6-a8e9-86a45b9b7874.jpg,dyed-lifted-polyps
5452e6e1-7691-4f76-94f7-9d29d38385f8.jpg,dyed-lifted-polyps
55162bcd-887f-4a5c-b868-e31cb5ffbbdf.jpg,dyed-lifted-polyps
5624f175-ad40-4752-8bdb-59c430a3e591.jpg,dyed-lifted-polyps
562d4fe1-26b6-4661-84ea-d301046582c0.jpg,dyed-lifted-polyps
5645b26f-6de9-4ed8-8c19-cac6ca22847a.jpg,dyed-lifted-polyps
56852a3d-b0f0-4b69-b63b-3969f68b914d.jpg,dyed-lifted-polyps
56bafb14-95b0-4c8e-ae40-3e1a6a9c99fa.jpg,dyed-lifted-polyps
577b7101-e4c9-414f-b733-798e32aea526.jpg,dyed-lifted-polyps
577d08fc-2465-4c9b-b31b-da2b4908952f.jpg,dyed-lifted-polyps
57cd8658-0886-458e-a875-42a74d420e9c.jpg,dyed-lifted-polyps
585447d7-8210-4ce1-ab85-d62998061a95.jpg,dyed-lifted-polyps
599d2f11-0ad5-408c-94ab-c6b622cd30f7.jpg,dyed-lifted-polyps
59c6e1d9-2eef-406d-bd1e-65aa59ded4a8.jpg,dyed-lifted-polyps
5a41b0e5-667c-4ba0-83a1-7a7b59be72a9.jpg,dyed-lifted-polyps
5a9117f2-5b4b-4173-a3dc-90f53e7d95e1.jpg,dyed-lifted-polyps
5b52ffea-cc16-4b4b-9892-365b225d7c01.jpg,dyed-lifted-polyps
5bc3f392-f00f-4978-8f0d-02bb1f54f4c0.jpg,dyed-lifted-polyps
5c2bef5d-348b-4261-a009-c4335568ab81.jpg,dyed-lifted-polyps
5d269efa-67e3-4a53-80b3-f5c3b1597c16.jpg,dyed-lifted-polyps
5d287826-e12a-4ca4-b949-9d0d491d1b34.jpg,dyed-lifted-polyps
5d333af6-4ba9-4c66-bfb3-87ecd380edcc.jpg,dyed-lifted-polyps
5d414b15-81d9-4bbc-99b3-942cc6cf5b88.jpg,dyed-lifted-polyps
5d421dba-a4c3-4bb9-935d-a10eba1c7a8a.jpg,dyed-lifted-polyps
5f3d6ed3-dca1-4fb0-a0e3-fd53fffa4cff.jpg,dyed-lifted-polyps
5f5001a2-fd2e-469f-9ab4-15a19b0336e9.jpg,dyed-lifted-polyps
5f5d6c8f-64e1-4cee-ad27-c9ca132f8f93.jpg,dyed-lifted-polyps
5fefdde3-1c36-4ccd-b307-d68b991bc44b.jpg,dyed-lifted-polyps
5ff2573f-c5e7-4d59-a01a-33f00152551f.jpg,dyed-lifted-polyps
5ffe22ef-457e-45e3-88a7-9e395ae9ecc3.jpg,dyed-lifted-polyps
604f920c-05d2-4481-94a9-d8d5978654ab.jpg,dyed-lifted-polyps
607347c8-de2e-4e4f-a2fd-b09a7c898d24.jpg,dyed-lifted-polyps
60c2b06a-84e3-4845-866f-1e6e106f2214.jpg,dyed-lifted-polyps
60c8e31e-039e-4c2a-84ab-aa6529c0077f.jpg,dyed-lifted-polyps
61bb470c-9e3b-441f-8cb3-cb5b04c4e2c3.jpg,dyed-lifted-polyps
652b2527-8e45-4273-a6e0-1b340c2c409f.jpg,dyed-lifted-polyps
66d7b801-0e44-480b-bad7-82a0ffc430e1.jpg,dyed-lifted-polyps
68d82e37-6a3f-4c30-8e27-38d7a874fc8f.jpg,dyed-lifted-polyps
68dbc850-b222-49aa-b634-4f7859b24722.jpg,dyed-lifted-polyps
6953a4c5-9be7-48e8-a396-77c55e274ff1.jpg,dyed-lifted-polyps
69af0deb-39bb-4a24-b630-31aae75defcc.jpg,dyed-lifted-polyps
6a6faa16-c667-4475-8a12-f2aaa1b83721.jpg,dyed-lifted-polyps
6ae07709-2df1-4ce0-8a10-d7f40261efd6.jpg,dyed-lifted-polyps
6b75b4e7-e59e-4acc-b7ff-a06779ffa463.jpg,dyed-lifted-polyps
6b7e51ec-5139-49f8-9211-916c7dadbc7f.jpg,dyed-lifted-polyps
6c2c3822-8a1c-4088-8588-c2a7858bd7d2.jpg,dyed-lifted-polyps
6c8b7173-e655-4f43-a4fe-4ef6eda073d8.jpg,dyed-lifted-polyps
6cfecf81-c42c-44ed-8c34-5ad128e58734.jpg,dyed-lifted-polyps
6dabb131-4497-478b-b25e-a5b1174df486.jpg,dyed-lifted-polyps
6db58bca-a1b7-47e5-b354-951e062ae8e3.jpg,dyed-lifted-polyps
6dea5840-12c4-4a09-9a05-53f5ca7c6fa5.jpg,dyed-lifted-polyps
6eb14932-1fd4-4b55-8a8f-5df36bcd341b.jpg,dyed-lifted-polyps
6f0e3c0c-c4d9-4003-a60a-ff35bccb15f3.jpg,dyed-lifted-polyps
6f2c5da1-0274-4423-89a3-fee48dad9a70.jpg,dyed-lifted-polyps
70355e7c-5778-4507-9a1e-60aa240a0015.jpg,dyed-lifted-polyps
70cccaec-4a6b-442a-958c-fdece576b7ad.jpg,dyed-lifted-polyps
70e590a6-cc4f-4b78-b7ef-14f5f8036225.jpg,dyed-lifted-polyps
71471ed0-0e15-42a2-ae16-336f597265af.jpg,dyed-lifted-polyps
716d5003-f39f-4b12-bb66-d89a91ec732e.jpg,dyed-lifted-polyps
717bbe6d-22b0-4cff-8d9d-cfb80ec715b2.jpg,dyed-lifted-polyps
71ae264a-c991-41c2-a0ac-8766a8029ccd.jpg,dyed-lifted-polyps
7274e516-e0c5-4d59-9dfd-e969a5779568.jpg,dyed-lifted-polyps
72bd5709-0207-4368-a4d9-73f3989a9401.jpg,dyed-lifted-polyps
7336436f-57a4-4b22-86c9-9a4360a87b29.jpg,dyed-lifted-polyps
734c3892-9195-4ec7-92d8-63db8065d60f.jpg,dyed-lifted-polyps
73932b1b-fd8d-48bd-a788-efd3b7f7409b.jpg,dyed-lifted-polyps
7432a33e-c4db-48b3-a1fb-0ebb817a3c79.jpg,dyed-lifted-polyps
74c481e5-71d5-49cb-852e-09791bbc99bd.jpg,dyed-lifted-polyps
74ffed6c-71ca-4d50-9fac-f3f0044de754.jpg,dyed-lifted-polyps
755400fe-de8c-4e4d-aa4a-a06fd4c9be07.jpg,dyed-lifted-polyps
75fb60c5-75c4-4faa-9e55-673ae15edcf4.jpg,dyed-lifted-polyps
76602e21-7ba7-43b8-83cd-339d39165e76.jpg,dyed-lifted-polyps
7756dc68-5afc-4954-bb3f-ff222eadd390.jpg,dyed-lifted-polyps
775cf098-e2c9-4006-8335-e744321223d1.jpg,dyed-lifted-polyps
77c78b64-f87b-464e-8358-2fb8f6c330f6.jpg,dyed-lifted-polyps
77d0ed0b-1aab-42d7-a7e6-e8d668291101.jpg,dyed-lifted-polyps
7864e146-4de1-4a9c-b763-6d7e73804975.jpg,dyed-lifted-polyps
78bc2be5-2cfa-4d49-b7be-8a2df99b26f4.jpg,dyed-lifted-polyps
78d3d972-933e-4137-90a9-6e5485cb6b57.jpg,dyed-lifted-polyps
792bb897-cd6e-45d7-af8f-b9d5a92b1039.jpg,dyed-lifted-polyps
794beba5-bd66-4275-a8ff-c1c1e800daf2.jpg,dyed-lifted-polyps
79ee1d4f-61ba-4151-bca7-fb2403ebcd1c.jpg,dyed-lifted-polyps
7a57d580-f1e6-403d-a844-9ec23a8c82a6.jpg,dyed-lifted-polyps
7b44f463-00dc-4910-8d02-142ef4b2c845.jpg,dyed-lifted-polyps
7bb4f7af-7638-4f17-85d0-1b411726c9db.jpg,dyed-lifted-polyps
7bcb8d84-b4ae-4bc4-9549-8929211afad9.jpg,dyed-lifted-polyps
7c14c0d1-f8d4-44ea-8d17-b946627924db.jpg,dyed-lifted-polyps
7c505793-5905-4f5f-8646-59a9befa24fe.jpg,dyed-lifted-polyps
7cf3317d-132c-4231-8d16-8eda1ac27a46.jpg,dyed-lifted-polyps
7e0acba5-5f74-444d-8edb-4c84ef7464e2.jpg,dyed-lifted-polyps
7e7e7c18-aa05-4558-8a67-4170ed85577f.jpg,dyed-lifted-polyps
7efed3ac-abef-453f-a526-5c5b9c19151d.jpg,dyed-lifted-polyps
7fd662ec-6461-45c0-84e4-eed9700e14e4.jpg,dyed-lifted-polyps
80650162-1ee1-49e9-847f-b4fcd523fcfe.jpg,dyed-lifted-polyps
80caa5e6-873a-463a-a32a-aa42c8b36f28.jpg,dyed-lifted-polyps
812689d5-df75-4175-a61c-0e9cac66c93f.jpg,dyed-lifted-polyps
816bd254-13e6-4760-b48b-44c71fc54944.jpg,dyed-lifted-polyps
81a28ce5-df24-41ca-8341-2c300ce9404d.jpg,dyed-lifted-polyps
81b67cd4-2bb8-4240-b986-7a0b5ab0cf32.jpg,dyed-lifted-polyps
81d3d616-566a-4d6e-babb-dbd92b205adc.jpg,dyed-lifted-polyps
81dd64d9-7fc8-4ddc-b86b-9c45f42876b0.jpg,dyed-lifted-polyps
82315326-4999-4ecb-99f4-400d894fc6f8.jpg,dyed-lifted-polyps
82398d32-6a1c-428f-8a9e-a4d308a8a9c4.jpg,dyed-lifted-polyps
824d23e3-d425-4b3f-b6f8-3fb9a95bb412.jpg,dyed-lifted-polyps
82530ab9-0162-4f11-8e80-686f7e7b92c6.jpg,dyed-lifted-polyps
82a10160-c92b-4416-993c-bce9726bb5e3.jpg,dyed-lifted-polyps
8376af61-5329-49b4-9bac-539237222251.jpg,dyed-lifted-polyps
83a8a16b-e221-41d0-a0a9-3fe25025ecbf.jpg,dyed-lifted-polyps
83afcd37-3d3d-49ea-9e11-5b2bcaf0f872.jpg,dyed-lifted-polyps
83ce36e3-32ee-4739-9107-c180d16576f7.jpg,dyed-lifted-polyps
8435d203-4e3e-49e8-a3ab-484edfef3d07.jpg,dyed-lifted-polyps
8442fea0-f2c5-4aa7-83c4-52e504164bae.jpg,dyed-lifted-polyps
8458357f-1692-4024-8d39-bafc541ef932.jpg,dyed-lifted-polyps
853e1124-fc68-459e-aeea-30fa7a45c06d.jpg,dyed-lifted-polyps
85ef9795-f799-4397-b6d0-63db1db8196b.jpg,dyed-lifted-polyps
86d432fb-9e7a-4777-b236-bac42b819e4c.jpg,dyed-lifted-polyps
86fec4d3-adf3-45e0-b8c8-8a885b7b8d67.jpg,dyed-lifted-polyps
884abdb9-ce1e-4915-89be-177cac0f9e30.jpg,dyed-lifted-polyps
88ad57db-8a10-4b77-bf1d-d5fa078fa8e4.jpg,dyed-lifted-polyps
88ba106e-e718-4156-800b-e18cf64f664e.jpg,dyed-lifted-polyps
88d77dd6-c870-497c-b156-96417620efe1.jpg,dyed-lifted-polyps
89ddddc5-191e-4224-85bc-6d4416621df4.jpg,dyed-lifted-polyps
8a7fb665-446a-44cb-8098-7a8b46b15ffc.jpg,dyed-lifted-polyps
8ba3968c-e27d-4536-ad92-8591883e1571.jpg,dyed-lifted-polyps
8c3f3c95-ba1d-4532-bd8f-b7d0c76a4985.jpg,dyed-lifted-polyps
8cd0e7d2-661f-4de6-8755-ac4b086e7d86.jpg,dyed-lifted-polyps
8d193274-08ef-4a07-b14e-f56b6449bd58.jpg,dyed-lifted-polyps
8db29cc0-8f98-4986-b115-9901b33f3114.jpg,dyed-lifted-polyps
8f7e100e-a53d-4b6c-ab54-cb315aa6cae5.jpg,dyed-lifted-polyps
8fe1f15d-9423-4334-b63a-6446fbf2f59c.jpg,dyed-lifted-polyps
905baa4e-2ba8-4eae-8053-4f5bcaa1db96.jpg,dyed-lifted-polyps
9180f8fa-0cf2-4a94-a243-89e6f114d65e.jpg,dyed-lifted-polyps
93399e40-c199-401a-91df-51c8ccf625ff.jpg,dyed-lifted-polyps
937a44fd-69c2-45bf-b232-157d561a7d75.jpg,dyed-lifted-polyps
94931fe6-5ef9-4533-b6b0-fc2f717abd00.jpg,dyed-lifted-polyps
96bfb62f-f2bd-4965-9b2c-4928b023b702.jpg,dyed-lifted-polyps
96db4f1e-e0fa-4739-b291-53031bce6a44.jpg,dyed-lifted-polyps
97695637-4d47-4c22-a460-ac49e0e2ce0e.jpg,dyed-lifted-polyps
97f5dcdb-f0b9-4e26-9d32-1556a3377960.jpg,dyed-lifted-polyps
98088dcb-66d7-4d6b-bcc4-9d3284d53e7f.jpg,dyed-lifted-polyps
98b17e7a-7e56-4e22-bf2d-3a4586366172.jpg,dyed-lifted-polyps
98d2ad15-93a6-4d53-a4ad-bbf9448c92dd.jpg,dyed-lifted-polyps
98ecb81e-5a43-4a3b-96fd-03a02b715764.jpg,dyed-lifted-polyps
995bc0cf-8158-46a2-9bcd-0d46a7aa8ef9.jpg,dyed-lifted-polyps
99615024-3048-4e38-bc5b-8f258f84cce8.jpg,dyed-lifted-polyps
99a347be-3cc7-4cf8-adb1-a80b19187423.jpg,dyed-lifted-polyps
9a4115fd-c56b-4298-b517-46ef0fdfbffd.jpg,dyed-lifted-polyps
9a4c2c9c-963b-4523-afcd-657e75508c06.jpg,dyed-lifted-polyps
9b26369a-22bd-4118-add3-16223837b40d.jpg,dyed-lifted-polyps
9bd429fa-b80a-448a-90ef-dc8a5976c2d6.jpg,dyed-lifted-polyps
9cc0c58a-3e37-4369-8ea7-0c8009ab8d0c.jpg,dyed-lifted-polyps
9ce00835-de5e-4e3e-92c9-8cec621fd6fd.jpg,dyed-lifted-polyps
9ced8b65-6c23-41ce-a347-ca72ba56fce2.jpg,dyed-lifted-polyps
9d211fe5-375f-4c54-8e55-432f517ea60a.jpg,dyed-lifted-polyps
9e39cfec-0bb6-4495-bcfc-1594ca72297e.jpg,dyed-lifted-polyps
9e3bc608-0a55-4d19-82fc-893d368fcfc9.jpg,dyed-lifted-polyps
a045aa59-61a3-4a35-9f92-3a4004815465.jpg,dyed-lifted-polyps
a0685864-7196-4ce9-9c35-2ee706ab181e.jpg,dyed-lifted-polyps
a16aea37-46a7-46b9-a1b6-135c42f78d93.jpg,dyed-lifted-polyps
a1ac75c9-a1cd-47ad-bc65-4901544be94e.jpg,dyed-lifted-polyps
a1e1c7f8-a30f-4b4f-9d62-3d356a864229.jpg,dyed-lifted-polyps
a2d26215-1dbb-4841-a16b-efe500629471.jpg,dyed-lifted-polyps
a3bc28f6-be20-4cda-a424-6e90396c7b39.jpg,dyed-lifted-polyps
a438893e-5870-4d11-9476-e47f63ef24b9.jpg,dyed-lifted-polyps
a4391f84-6aa1-4963-b0ad-b60b23f805e6.jpg,dyed-lifted-polyps
a4a0406d-25e7-4dc7-80bd-3d61f9e1e2d5.jpg,dyed-lifted-polyps
a4fc9093-b709-4c46-9bc1-55407d60911d.jpg,dyed-lifted-polyps
a5302d7a-18f8-4c15-9daa-9b0777f855eb.jpg,dyed-lifted-polyps
a5407664-0edc-40d8-8734-47776eb8ec74.jpg,dyed-lifted-polyps
a57c2de7-328d-49a6-ad31-3f8c5e711de8.jpg,dyed-lifted-polyps
a5cf92b3-ddaf-411b-ac9e-391a12469325.jpg,dyed-lifted-polyps
a673ca7c-b308-4a4d-8ef7-b13025b13371.jpg,dyed-lifted-polyps
a68486e4-d36c-4c3f-9cf1-277d8eb6fb5b.jpg,dyed-lifted-polyps
a6d1bb4f-e9fb-46b7-bdbf-babaf0b06581.jpg,dyed-lifted-polyps
a6ec9dbf-4e31-4535-b625-f96df8db6125.jpg,dyed-lifted-polyps
a7c35d25-0809-4866-a913-4edfd2caed1e.jpg,dyed-lifted-polyps
a7ce16a6-9823-4f7b-bff4-4788dc64713b.jpg,dyed-lifted-polyps
a81bfec9-625e-4a72-b9a5-70b2baa60cac.jpg,dyed-lifted-polyps
a82012c2-dfa2-4957-9cfc-6c77607caad5.jpg,dyed-lifted-polyps
a84656a5-26ab-4c2f-ba45-2854bc9017d8.jpg,dyed-lifted-polyps
a8baebbb-4d49-4375-ab04-ae5a88eab27a.jpg,dyed-lifted-polyps
a9020c35-f9eb-48c4-b511-f6584808a7ce.jpg,dyed-lifted-polyps
a9f9b095-296d-46a4-90d9-266e8759ccd6.jpg,dyed-lifted-polyps
aa195a2e-ea00-4c36-8773-254f86645b9a.jpg,dyed-lifted-polyps
aa3978e4-6885-4919-88bc-bede64743e00.jpg,dyed-lifted-polyps
aa73426e-5f8a-4a97-9dba-aa0c654b64f6.jpg,dyed-lifted-polyps
ad10a865-c6ca-4563-9350-8a1764441b38.jpg,dyed-lifted-polyps
ad337369-7968-4eef-a761-d06eab0d1ae2.jpg,dyed-lifted-polyps
ad4636bb-d872-4779-b1a3-db3fa6cab9f5.jpg,dyed-lifted-polyps
ad52c424-4141-4d23-a931-084f989f4e46.jpg,dyed-lifted-polyps
adc09942-ecb5-479e-bb59-f02f336e4ac7.jpg,dyed-lifted-polyps
adcbe383-4ed3-4685-bba3-64050b3ddc96.jpg,dyed-lifted-polyps
ae5cd299-4245-4860-87aa-723239515a30.jpg,dyed-lifted-polyps
af472d2b-1d54-49bb-8eb6-864962fc056b.jpg,dyed-lifted-polyps
b14cfcc7-e73d-4a81-9fff-e2ebe024eb4a.jpg,dyed-lifted-polyps
b17c4984-2819-4281-893e-850c3117261e.jpg,dyed-lifted-polyps
b1f5cb7f-8f6d-43c2-a408-2cf5a062f80b.jpg,dyed-lifted-polyps
b22efb41-24cb-4daf-9057-0b19742ac42c.jpg,dyed-lifted-polyps
b248ef35-25ac-48f1-ab12-88205d7ace97.jpg,dyed-lifted-polyps
b29067e1-b685-486b-a507-a9bda7a2da1e.jpg,dyed-lifted-polyps
b37bf38c-4747-4f4f-9587-f3d6dbcb13b7.jpg,dyed-lifted-polyps
b3da8e03-aee5-485b-9210-21e149ad569a.jpg,dyed-lifted-polyps
b41e6ae6-049c-4dde-9a91-390922f8235f.jpg,dyed-lifted-polyps
b43a4c4c-7b97-4af9-a31c-316fb28b43f3.jpg,dyed-lifted-polyps
b49e6b93-4d8b-4cba-8ea1-c0626ed684a0.jpg,dyed-lifted-polyps
b55608ff-885e-4605-993c-869afc73b145.jpg,dyed-lifted-polyps
b5e24486-2569-4192-9504-c7423d69dbe4.jpg,dyed-lifted-polyps
b608a8e8-c83d-4eb5-ae70-8c07edadd247.jpg,dyed-lifted-polyps
b618b8d2-bc84-4bc8-ab7a-bd2cec25546d.jpg,dyed-lifted-polyps
b6b49681-b658-4ddd-9f8a-a2fc1f7cca64.jpg,dyed-lifted-polyps
b6f79345-586f-4d91-9cf3-0fb09f69c2ca.jpg,dyed-lifted-polyps
b88839a1-a00e-4c2a-bdb0-652e5dc7e64a.jpg,dyed-lifted-polyps
b8ba70d6-bfa4-4ac1-9042-7b7cdfccc55b.jpg,dyed-lifted-polyps
b8e4cc4e-c4d7-4eaf-8dc5-ca2bab2fb96a.jpg,dyed-lifted-polyps
b93089c3-0c65-4e3f-9dd0-791a5dee0394.jpg,dyed-lifted-polyps
b9357cb6-83a3-4dea-9387-46effa1dfd14.jpg,dyed-lifted-polyps
b940216a-a173-4920-b8ad-233b34fd36b2.jpg,dyed-lifted-polyps
ba03859d-d9f9-4dcf-b12b-12256e6c69e4.jpg,dyed-lifted-polyps
bbb5960f-600f-4fb8-8d18-c2b41103d730.jpg,dyed-lifted-polyps
bd6250c3-e6ca-4ac0-aa78-71cd7dc6d7ac.jpg,dyed-lifted-polyps
bdf72151-94c3-4e7f-953f-93b400f5967b.jpg,dyed-lifted-polyps
bec068b9-4ac2-4dd6-85f2-171e4b168c3a.jpg,dyed-lifted-polyps
c1140235-a172-4124-8802-95b75578d746.jpg,dyed-lifted-polyps
c127c300-7644-459a-9629-80f86ae93107.jpg,dyed-lifted-polyps
c151a8dc-64bf-47dc-8865-2fecfcbb612c.jpg,dyed-lifted-polyps
c21b9133-1244-4882-879c-ca068d510a79.jpg,dyed-lifted-polyps
c28c8f2e-d0c8-43a4-9295-ec3683ffb5b4.jpg,dyed-lifted-polyps
c49dc874-e527-497a-b42b-1e03ebae4628.jpg,dyed-lifted-polyps
c4b0ce6a-dce1-4d1a-8c51-1f81c5bb75be.jpg,dyed-lifted-polyps
c4ce5d8c-e692-48c6-9a8e-6284b0dbacde.jpg,dyed-lifted-polyps
c5070368-1b3b-458a-8264-6cb13d594831.jpg,dyed-lifted-polyps
c5147826-cdd4-44fd-a18d-198f59a7d48f.jpg,dyed-lifted-polyps
c67f84a9-dcbd-4265-a2a8-52a683570376.jpg,dyed-lifted-polyps
c6d9329c-400b-42b7-b0ea-3f3647d16277.jpg,dyed-lifted-polyps
c9428ec6-15d7-4c7e-9f3a-5ebb37f24680.jpg,dyed-lifted-polyps
c9a03323-c0a6-4f8f-8378-f642ad2524ae.jpg,dyed-lifted-polyps
cd33c9aa-34dc-4b64-9918-da42dc87f249.jpg,dyed-lifted-polyps
cd64102b-51f3-4f60-90f2-53792e4cf3c3.jpg,dyed-lifted-polyps
cd890fb0-07b5-470d-925e-71de2139710a.jpg,dyed-lifted-polyps
ce0203f0-f6f4-4aed-aa9b-657b640fc162.jpg,dyed-lifted-polyps
ce738b8c-c389-4db5-82f0-eacced58b152.jpg,dyed-lifted-polyps
ce7c4a30-ab57-443a-a9d0-a13b4a6cfdc3.jpg,dyed-lifted-polyps
cf205d6d-3f2e-45d0-893a-bd2678656379.jpg,dyed-lifted-polyps
cf7ebd04-7e67-4ebe-99dc-256912ded0bd.jpg,dyed-lifted-polyps
cf8a7fdc-f962-4517-a939-35d9eaa6b5a1.jpg,dyed-lifted-polyps
cf8e62d8-bd23-4f26-b94b-93281e8223ce.jpg,dyed-lifted-polyps
cfafba31-8f7c-4041-99ce-644cba7bcf7e.jpg,dyed-lifted-polyps
d04657d8-14c8-4193-9e40-7c1740b6f7ed.jpg,dyed-lifted-polyps
d05e2037-9c4c-4dc6-8203-edd176ef1a7b.jpg,dyed-lifted-polyps
d14c3606-b946-4ea9-8c2b-96333b6701f4.jpg,dyed-lifted-polyps
d1804aee-5c91-4458-a6ce-149e45bca797.jpg,dyed-lifted-polyps
d19d336e-2b12-4692-a2d9-e429882b91b8.jpg,dyed-lifted-polyps
d222fafd-9bd4-4d87-ac23-42e80b4e3bc0.jpg,dyed-lifted-polyps
d2bdd107-bbaf-46b2-9fa7-a95633dadc2d.jpg,dyed-lifted-polyps
d31c6651-581d-43dd-8ba6-9ca1a9db1ab8.jpg,dyed-lifted-polyps
d44a92f6-e974-427b-9a47-5ddc45010732.jpg,dyed-lifted-polyps
d46f56e3-d2d6-40dd-a011-05d957f934c3.jpg,dyed-lifted-polyps
d4995578-1e11-4f0c-892e-32da8b2c62bd.jpg,dyed-lifted-polyps
d4a34549-6977-4d0b-ac47-72ee6363ef34.jpg,dyed-lifted-polyps
d4f8168c-5425-4960-bf5f-0db6c4d7b4da.jpg,dyed-lifted-polyps
d5da4bff-e549-404b-a911-aa252d954d90.jpg,dyed-lifted-polyps
d5df91fe-d306-41c7-ad38-bc50c5bf9576.jpg,dyed-lifted-polyps
d5f4c946-107f-47f3-a704-bd97ad57310a.jpg,dyed-lifted-polyps
d7594e2b-93d2-47cb-8e51-82f3804659b7.jpg,dyed-lifted-polyps
d82276b8-e2e8-4e82-96a3-58977f46a937.jpg,dyed-lifted-polyps
d9cc107f-2037-4336-b6cd-f4429634ea68.jpg,dyed-lifted-polyps
da2f23c8-7c1d-4e9c-9ca0-7337cc3c2252.jpg,dyed-lifted-polyps
db83bddf-4368-4572-8e66-d52832ba1133.jpg,dyed-lifted-polyps
dc59df6c-938e-4a0b-b0e1-a26241bb1e21.jpg,dyed-lifted-polyps
dcad2e27-f635-4da2-99e7-71b6a1d454dd.jpg,dyed-lifted-polyps
dd69634c-fb56-4b10-8d93-520dca4ff061.jpg,dyed-lifted-polyps
dde4c093-9510-4750-affa-c6c67e0b9b5f.jpg,dyed-lifted-polyps
df4164ae-a340-4288-8316-5de3130be70a.jpg,dyed-lifted-polyps
dfa1e84b-403d-4b62-a874-77200c936ce6.jpg,dyed-lifted-polyps
dfafc229-ce64-4011-aac6-a4c1435f2af3.jpg,dyed-lifted-polyps
e05779e5-50c8-4340-886c-72e46782ce79.jpg,dyed-lifted-polyps
e062f910-d08b-4a98-8e96-a0ad1a744154.jpg,dyed-lifted-polyps
e0bd0859-61f6-4d2b-9180-aa5578049160.jpg,dyed-lifted-polyps
e0e399d3-d4be-4a08-915b-10fa6bd30a51.jpg,dyed-lifted-polyps
e1a75ba2-ae08-4daa-a273-9bc388391142.jpg,dyed-lifted-polyps
e23eac73-ee02-46b3-8d78-8421376b0f7e.jpg,dyed-lifted-polyps
e274b42b-5309-4234-bb68-8776817f4f1d.jpg,dyed-lifted-polyps
e337f90f-466c-45b6-96a9-d5d823a4ea64.jpg,dyed-lifted-polyps
e4a20fcf-f178-4744-ae5a-759bd67d70c3.jpg,dyed-lifted-polyps
e4bcfe97-fee2-47f2-b4c9-dbf3f1b8bb22.jpg,dyed-lifted-polyps
e50eaaeb-2617-49c0-a8b0-a1264b42bed2.jpg,dyed-lifted-polyps
e528c334-5bc6-4be7-a078-46256e525f4d.jpg,dyed-lifted-polyps
e59f1c09-34f7-4eda-8cec-36004b5835f2.jpg,dyed-lifted-polyps
e5c27a76-d11b-4c67-a42d-e8d6deaa28a9.jpg,dyed-lifted-polyps
e6c793fe-0e40-4597-87b5-d9733cbaf3de.jpg,dyed-lifted-polyps
e6e1027b-d45a-4825-b233-e43c5327a8f1.jpg,dyed-lifted-polyps
e78d9e39-9269-4cf5-b0d2-364c010ec5a8.jpg,dyed-lifted-polyps
e7e5f165-2c56-4333-82aa-4fc8045e8e1c.jpg,dyed-lifted-polyps
e8c38517-0943-439b-aff2-1070c4b31b6d.jpg,dyed-lifted-polyps
e90fd670-382f-4c6f-a246-7387d99ae153.jpg,dyed-lifted-polyps
e9224b7b-035d-4b7d-9c56-62d0c3ba5f07.jpg,dyed-lifted-polyps
e96c9662-5bef-497c-9c21-d322c82c2d2d.jpg,dyed-lifted-polyps
ea7f85be-de10-485b-9a46-99eb3b91d932.jpg,dyed-lifted-polyps
eb437941-4daa-47e8-b249-fa5e181938a2.jpg,dyed-lifted-polyps
ee9f2ec2-a37f-48dd-996a-ede5bf68d3b1.jpg,dyed-lifted-polyps
eebbe5e6-eaaa-472b-b275-fbe1b9303afa.jpg,dyed-lifted-polyps
f03b88b6-5fa8-4c48-ae6d-68eabdb4935e.jpg,dyed-lifted-polyps
f94f3e7f-dc29-422e-add6-cfdb36aa7f19.jpg,dyed-lifted-polyps
f969b094-8b86-4bc7-b759-dfc9c67177fa.jpg,dyed-lifted-polyps
f9e8cea7-058a-4eae-b69d-4f0fd4cb82d8.jpg,dyed-lifted-polyps
fa1a9369-efa6-42ef-909f-e8347679148b.jpg,dyed-lifted-polyps
fa4908cc-7d89-4ef1-a8b4-d80d2d2fe848.jpg,dyed-lifted-polyps
fabe6262-ce05-48a5-b0fd-170af0d90d1a.jpg,dyed-lifted-polyps
fb0f6162-9a6b-4b7c-8957-d2d90689c043.jpg,dyed-lifted-polyps
fda47e17-cfb3-4fc1-8d67-c423b8c2d192.jpg,dyed-lifted-polyps
fdb8d2d3-ead0-4def-a512-ac3faee35750.jpg,dyed-lifted-polyps
fe36c92b-51e4-4d18-84a4-8b35d48bd866.jpg,dyed-lifted-polyps
fe8e6330-7424-4934-b002-916b9b7b1454.jpg,dyed-lifted-polyps
009bd044-4a5a-4c81-b481-d20fb223cd81.jpg,dyed-resection-margins
00adb051-3e76-4482-b0e5-5207a028470b.jpg,dyed-resection-margins
01086b46-817d-4f20-8aba-4a7b9347ab1c.jpg,dyed-resection-margins
016cc0c1-2a9e-464c-884f-0997561f7dde.jpg,dyed-resection-margins
01cbcacb-6d33-41ba-9aa7-e37907f9281b.jpg,dyed-resection-margins
02f7c707-17a1-4e37-a2af-6a202273e656.jpg,dyed-resection-margins
033bd4de-dc55-45e2-b6bc-2cc96e110454.jpg,dyed-resection-margins
03b3deb8-a003-4098-8902-1ba15e6ae3c0.jpg,dyed-resection-margins
03c798fd-8387-49d1-995e-fb39f8964e04.jpg,dyed-resection-margins
03c7c248-8da0-433b-a171-4a683a8b5ff9.jpg,dyed-resection-margins
04ebaa14-43dc-411a-951f-1d22559f25c3.jpg,dyed-resection-margins
05607d9c-9577-4190-8040-ee73f7982241.jpg,dyed-resection-margins
05e7c2b0-e2e7-4cdc-bcc0-89b06df1b38c.jpg,dyed-resection-margins
06072bf5-7e35-42a2-a08b-1eb3d033589e.jpg,dyed-resection-margins
070c57ed-d763-40e4-9aae-be1ad27e177d.jpg,dyed-resection-margins
078a83a1-d180-46d6-95b4-ded4c0f9d469.jpg,dyed-resection-margins
07a1bc90-1995-42fa-831a-67a209ffcfa8.jpg,dyed-resection-margins
07a97952-28dc-4aec-8a52-c9f5395e99e3.jpg,dyed-resection-margins
07b3d366-b1b8-4826-a565-9732bebcd4ca.jpg,dyed-resection-margins
07efb3c4-70e7-4da8-a9fc-b6bf0fda0456.jpg,dyed-resection-margins
08169de5-77c7-4a5f-a8ae-80f6c8f46e02.jpg,dyed-resection-margins
08648b7f-37b9-406e-b1c3-03683c3222af.jpg,dyed-resection-margins
088b80c8-0ad8-4c2d-971e-6a400027c623.jpg,dyed-resection-margins
08a5f58e-f190-4aed-9b1b-4a69baf56355.jpg,dyed-resection-margins
08ce23d1-549a-4b7c-80c9-8dca8f4b5d99.jpg,dyed-resection-margins
08ed9543-eeec-4523-a81d-e3a7547183b2.jpg,dyed-resection-margins
09604dc2-4fc1-40b0-af2f-5a3e61b4ad6e.jpg,dyed-resection-margins
09e7389d-4965-4dd5-a781-f396d8cd87c2.jpg,dyed-resection-margins
09ee8393-cf1c-4828-a266-143f697942a3.jpg,dyed-resection-margins
0a11e5ca-8a31-48de-ada7-4ea02192377d.jpg,dyed-resection-margins
0a2a2f35-c798-447c-a883-8f2f448bfe07.jpg,dyed-resection-margins
0a3e9cb8-fb1b-4849-97e0-dbf433bad813.jpg,dyed-resection-margins
0a65efe3-c779-468b-9668-699090ab8b74.jpg,dyed-resection-margins
0a700cd0-d4ad-4a69-8e74-a22b0b028f7a.jpg,dyed-resection-margins
0a8d16ec-1985-4fb5-ac88-2d3fccfad334.jpg,dyed-resection-margins
0a9404a8-dcae-47d2-abc7-e8e6b51e3a76.jpg,dyed-resection-margins
0b05f616-e6b7-4a91-b8e6-1a011561e7f7.jpg,dyed-resection-margins
0bd00d23-3970-4965-87dc-29526ff5080b.jpg,dyed-resection-margins
0d4173fc-096a-4a7c-b431-939f36b44908.jpg,dyed-resection-margins
0d8fee53-37a7-45c9-80e0-25b6e345bae9.jpg,dyed-resection-margins
0e75b5f4-dae7-46e4-a0ae-cc5729f6491e.jpg,dyed-resection-margins
0edf8191-09bd-4f11-86ac-597d4d636713.jpg,dyed-resection-margins
0f380c75-78d0-45a1-a706-5783bcd2743e.jpg,dyed-resection-margins
0fb8d1f9-1d43-425c-8fb1-f7fe7e4becf4.jpg,dyed-resection-margins
1149a0b7-1a1c-4af1-85e3-8ff47292c833.jpg,dyed-resection-margins
11d5d277-8479-412a-b927-c42a3d84ecf6.jpg,dyed-resection-margins
12d2689e-0215-4899-83aa-f8d6794b4990.jpg,dyed-resection-margins
1358b50c-db30-4957-969e-7f137352453f.jpg,dyed-resection-margins
15cfd43f-7118-4169-9725-e7badac83d05.jpg,dyed-resection-margins
16ce4c26-8983-46cc-be67-43f809211334.jpg,dyed-resection-margins
16eb3bf5-8acd-4060-be5a-e9bdab74bf8b.jpg,dyed-resection-margins
16fb48a4-7dde-41df-aa3a-a8a73de0e047.jpg,dyed-resection-margins
186375d6-f31d-405d-8326-f4005d9eea39.jpg,dyed-resection-margins
18c6ae85-f3f9-4c5f-a318-51f67f5eb009.jpg,dyed-resection-margins
1949cce8-5ab4-4102-baa1-370e2941cd56.jpg,dyed-resection-margins
196c69a0-653b-4bc8-8341-a53c43dbada5.jpg,dyed-resection-margins
19ce8049-ab41-4fd8-b186-9b2eacb94301.jpg,dyed-resection-margins
1a0744b2-290b-49e0-a5cc-9fd2083eae4d.jpg,dyed-resection-margins
1a76e410-56c7-4a64-bf76-6738290be176.jpg,dyed-resection-margins
1b905ff4-d2ee-48f0-953f-05dd3b2cbe38.jpg,dyed-resection-margins
1b9a33e2-1643-47eb-857a-5e9764bb9112.jpg,dyed-resection-margins
1d423f77-a9ec-4964-bf35-c1f06ba68e4d.jpg,dyed-resection-margins
1d86d138-ca83-47fc-802d-7f159848361a.jpg,dyed-resection-margins
1e5b8c64-d45a-44ed-9293-d45037473f37.jpg,dyed-resection-margins
1f51987f-e897-4b04-a596-f89c5dcfbcd6.jpg,dyed-resection-margins
2022a0e0-9529-4f9f-8796-05d549724550.jpg,dyed-resection-margins
214668dc-3cd5-4a50-9054-fdf04360aed1.jpg,dyed-resection-margins
2164dff2-d611-4570-8c60-ce88f8b2f7f3.jpg,dyed-resection-margins
21bb0a7e-9bd8-4c38-a3b9-a320fb7fb718.jpg,dyed-resection-margins
24766e75-45e1-4685-ad55-3df8455c7050.jpg,dyed-resection-margins
247fc9a1-0148-48b8-bf0c-01144c3aca8e.jpg,dyed-resection-margins
24cdc79c-7a61-4b9c-942d-ad5a509a8011.jpg,dyed-resection-margins
254ed36c-9ac6-402b-b447-cf9df8abb310.jpg,dyed-resection-margins
261400d1-7bb9-435b-b212-eb6197c8d714.jpg,dyed-resection-margins
26425fee-59c2-444f-8a60-754f0eee97a2.jpg,dyed-resection-margins
269e147b-884b-4860-a7ac-85bec2da1e54.jpg,dyed-resection-margins
26ef5506-6218-4172-af04-fe1a17e73c54.jpg,dyed-resection-margins
2871b311-54de-4069-ba9b-c8eb3e3e1875.jpg,dyed-resection-margins
2a2592fc-4557-4276-8c96-d7ac1ee49d37.jpg,dyed-resection-margins
2a38ed92-ab6d-4843-ac20-f9002ed39395.jpg,dyed-resection-margins
2b9bb5b0-6fb4-46c3-a553-c33c2bae8785.jpg,dyed-resection-margins
2bc914cc-247a-4974-9e31-0c1e0edb7dc6.jpg,dyed-resection-margins
2c402480-455a-41f1-a53d-8381ba8ef7dd.jpg,dyed-resection-margins
2cc68fd5-0a01-45c2-a4ad-65a1c87a2164.jpg,dyed-resection-margins
2d5efac0-6b60-472c-a9a6-8a895385462c.jpg,dyed-resection-margins
2e8b5cd0-7aed-4c67-8627-c303312dcf64.jpg,dyed-resection-margins
2ee00dbb-1c4a-46dc-92f8-6bfe66cb1a3b.jpg,dyed-resection-margins
2f2dfbd2-adea-4947-8b2b-5471ec4d06e6.jpg,dyed-resection-margins
2f58484a-2a12-46b9-8846-641bf07a28fb.jpg,dyed-resection-margins
2fd2588b-dd32-43ef-b9da-7dc323baf713.jpg,dyed-resection-margins
3016a403-4cb1-465c-988b-6729677f7ef8.jpg,dyed-resection-margins
30d31653-f9fe-42bc-9746-d92e71b4b675.jpg,dyed-resection-margins
321a15f8-5a4b-4d51-be3a-98e3e15d5378.jpg,dyed-resection-margins
32fac3fd-105e-4eee-9226-f0fb9181c862.jpg,dyed-resection-margins
334467a6-d573-4a8b-a44f-5c8f6871dff5.jpg,dyed-resection-margins
3383633c-fe4a-4ce2-916b-94f156793764.jpg,dyed-resection-margins
33a7c640-32ae-47ea-9642-37e96c657fb4.jpg,dyed-resection-margins
344618e8-9e33-436c-88bc-b01256f64b99.jpg,dyed-resection-margins
3449dba7-8929-4b1e-9e07-c6034cd470af.jpg,dyed-resection-margins
35a16221-32b7-46a7-9dc5-d6fc5b10544b.jpg,dyed-resection-margins
3612fd14-ecdf-46aa-94ac-6222a3f2bd02.jpg,dyed-resection-margins
36d2ba41-d489-4bee-a164-97cded7319b6.jpg,dyed-resection-margins
3732c820-1922-4d8a-a6bf-c6b3b66ce2c8.jpg,dyed-resection-margins
37cc656b-c458-453a-9f66-bb54ec7a4a10.jpg,dyed-resection-margins
37e8f5c8-fa01-4391-b5ec-0f26514084d6.jpg,dyed-resection-margins
389db7b4-ff34-43b6-8764-cad57a2af725.jpg,dyed-resection-margins
38f4cc9a-2dad-4cc6-9162-5e49ddaecaea.jpg,dyed-resection-margins
3b448ed2-d485-4044-abe6-37547b6ef0e0.jpg,dyed-resection-margins
3b4c3a86-b77d-4787-9b6e-adaf59eea9f2.jpg,dyed-resection-margins
3d12c8fe-88bc-4b33-9a26-2963af78719d.jpg,dyed-resection-margins
3d4677e9-e868-4735-893b-fa49754e4c4a.jpg,dyed-resection-margins
3d47d74a-fcdf-469e-940b-cd6999a79556.jpg,dyed-resection-margins
3d64c3b2-b204-4e54-b1c0-905da830f5d6.jpg,dyed-resection-margins
3e36cd07-ae28-4db1-9b64-43d871d8c4d7.jpg,dyed-resection-margins
3f338dcc-eaca-43f1-bb81-8b21ad73b816.jpg,dyed-resection-margins
400af79d-4386-4d62-b755-94acc38f1d3b.jpg,dyed-resection-margins
414962c9-e87b-487f-8fc1-1e93e12235ce.jpg,dyed-resection-margins
41ac62ca-4d9a-4ac8-a019-84d4e8cade20.jpg,dyed-resection-margins
430d326d-097c-4b4a-a54f-53bc2be3aae1.jpg,dyed-resection-margins
43e914f2-bfe9-4054-9c37-179d5c06a8c0.jpg,dyed-resection-margins
441ff1d8-3157-4f9b-99aa-b894175bd1fc.jpg,dyed-resection-margins
451892cc-6e40-46e1-a823-a391dad63af2.jpg,dyed-resection-margins
4550d269-401e-4ef3-b26b-84ea334d01ed.jpg,dyed-resection-margins
45805ed3-eccb-4065-850e-1d0d52437849.jpg,dyed-resection-margins
45c63e6f-2624-4931-95dc-a88d2cd93158.jpg,dyed-resection-margins
46fa1b8e-e4a2-450b-b673-d90482883acc.jpg,dyed-resection-margins
473b0c1a-1efa-4620-b594-8c1e531e067f.jpg,dyed-resection-margins
47a92e76-4adc-47e4-9dbf-239d27f04ae0.jpg,dyed-resection-margins
47b727a3-7a5e-4893-ab09-02a8514b346a.jpg,dyed-resection-margins
47c050dd-41f7-41ac-a335-9432224da6fe.jpg,dyed-resection-margins
482ea2b9-ec49-4dd4-9473-d117f265079d.jpg,dyed-resection-margins
483e1df5-7940-4166-adc6-eea5e0b09ee2.jpg,dyed-resection-margins
48bce8fb-803e-41c0-b7cc-eae8c1fee804.jpg,dyed-resection-margins
491adbcc-0bd9-4a9e-b1d4-f3400d505d99.jpg,dyed-resection-margins
491f8a7c-2f11-48d8-afad-6890776e5498.jpg,dyed-resection-margins
4a75ade7-6b3b-48f1-83e7-a001ded81a26.jpg,dyed-resection-margins
4aabc484-8353-473d-8846-a6db317be869.jpg,dyed-resection-margins
4b496c40-e1a0-42fc-9c32-c8fe616b4960.jpg,dyed-resection-margins
4b5fb383-7248-48c4-9983-7b79e0ec2b49.jpg,dyed-resection-margins
4c430475-576e-424d-a1f7-d26a6ca7b521.jpg,dyed-resection-margins
4c51fe7f-f44e-41d1-ac8c-c10703969f18.jpg,dyed-resection-margins
4c698444-ba84-411b-b7f5-031692a275ba.jpg,dyed-resection-margins
4d5f3e8d-2b59-4884-9178-3fc6a2adc8cf.jpg,dyed-resection-margins
4d9202cb-e4a3-43ae-8af0-707df2e8eb7c.jpg,dyed-resection-margins
4d93edf6-5f21-42ab-a53c-552dc815f949.jpg,dyed-resection-margins
4d97b0f5-b0fd-45d6-b870-daf7dded1ba9.jpg,dyed-resection-margins
4daef72c-e4c4-42b6-aacf-46aba9e43910.jpg,dyed-resection-margins
4de79970-c67f-4f85-aa3e-21b3c59debec.jpg,dyed-resection-margins
4f11359a-56d0-450a-8a50-7e3deec09be2.jpg,dyed-resection-margins
4fc1a78f-1b18-487e-b824-eccd2929cea3.jpg,dyed-resection-margins
500834ea-e8b4-40be-9fc7-7c066ab69bb5.jpg,dyed-resection-margins
5009a2af-dd0a-4637-9059-c9989f0a8916.jpg,dyed-resection-margins
50376904-d289-4f99-9938-160c04ba9f60.jpg,dyed-resection-margins
5055bdd3-900b-4eaa-be08-bc13c9dda6c0.jpg,dyed-resection-margins
50e85dfb-7d6c-4158-bf44-c17d4ed54ab3.jpg,dyed-resection-margins
5104e719-f08a-4e80-b555-59a3897ca82b.jpg,dyed-resection-margins
517d8bab-d92d-43df-9dd7-a4edc75d5368.jpg,dyed-resection-margins
52f17c03-5377-4c53-b0f1-5b29865622f0.jpg,dyed-resection-margins
532909ef-595a-4560-9485-f9f83f3b936f.jpg,dyed-resection-margins
533c9d26-f65b-4d12-bbed-4c1818f0c907.jpg,dyed-resection-margins
5390f72f-bdb7-40f5-950b-cd6c24dc0b75.jpg,dyed-resection-margins
54e37af8-8256-44ae-b386-b1f3e7f64f12.jpg,dyed-resection-margins
55fac2ce-22ed-4e69-bd0c-6e224b60dcf5.jpg,dyed-resection-margins
5676113d-85b5-4479-8f53-53b890fe0b92.jpg,dyed-resection-margins
57d25761-7f4f-4c0d-ba80-7ae3a5d69483.jpg,dyed-resection-margins
57e083ca-80a0-4a2c-817a-771121d25516.jpg,dyed-resection-margins
583038eb-5984-4784-a30d-8e69785eb221.jpg,dyed-resection-margins
58bdaec5-0e9c-4734-884b-03f2b965921b.jpg,dyed-resection-margins
59c40c71-0bc0-4e0d-876a-3ac3249cf678.jpg,dyed-resection-margins
5a252c6e-2dbb-425e-a97f-cfd0a4e7fa7b.jpg,dyed-resection-margins
5a361785-c9eb-4c87-86a5-b37299562d3c.jpg,dyed-resection-margins
5b271f5e-5080-43ae-96f0-8113b6a8399b.jpg,dyed-resection-margins
5b65de74-5c5e-4dbf-8ced-6bbea196abc9.jpg,dyed-resection-margins
5bc998d5-d012-4566-9d4f-b02c6aee00c6.jpg,dyed-resection-margins
5c063c9e-07f3-4ea3-bd09-3a4fc79ae9a4.jpg,dyed-resection-margins
5d18ffb0-2f2c-4c09-abfb-1a78df3bccf9.jpg,dyed-resection-margins
5db61f68-6bbd-4307-82d6-6c9d4d653c02.jpg,dyed-resection-margins
5eb10179-eef9-4ba0-9071-2d3ea439bb58.jpg,dyed-resection-margins
5ee4d0af-22d1-42cf-a599-6d5a64606e0d.jpg,dyed-resection-margins
5f3c3ead-d121-40ce-8b67-dd3efa55cf52.jpg,dyed-resection-margins
5f9225e9-d774-4ba2-b190-8e8e220a4253.jpg,dyed-resection-margins
5f9ec244-5b72-47dd-9d3c-e86ece58d5b6.jpg,dyed-resection-margins
6103aa10-2faa-415f-bfd3-0f4374648eca.jpg,dyed-resection-margins
61b9029a-bc14-4f0d-b0f3-bea987d1017d.jpg,dyed-resection-margins
622b5c30-78c5-4330-beaf-d4cfcb7c8ce0.jpg,dyed-resection-margins
62bb7bca-5cc3-4a0a-94b3-3666e6cf004e.jpg,dyed-resection-margins
643d529f-dd49-4818-8c2d-07db0d5bea01.jpg,dyed-resection-margins
64b817c9-3cf1-401f-a37f-556d0ffa5886.jpg,dyed-resection-margins
6504ae8d-7ebd-4332-b577-e3e197d7dc78.jpg,dyed-resection-margins
65948c59-6bf0-468b-bc33-39a1df9ac667.jpg,dyed-resection-margins
66118f04-e2cc-4b1c-a640-1cb8c61b3e13.jpg,dyed-resection-margins
663c81a6-d6bf-4d29-b650-b43c6b7e5961.jpg,dyed-resection-margins
66933a1b-1886-46fa-bc0b-45e2f47dcaa4.jpg,dyed-resection-margins
66a97d94-5515-4ebd-b31b-ae6c628f3cf5.jpg,dyed-resection-margins
67adc1dd-dbe4-46aa-86f9-0bebb1a4f5cd.jpg,dyed-resection-margins
6844aaf9-4e26-4efa-b293-add5e487b87f.jpg,dyed-resection-margins
684c9d12-a8b9-4ef1-a86b-6c0490bea656.jpg,dyed-resection-margins
6a15d7fc-cdaa-4e50-a97d-974e645697e2.jpg,dyed-resection-margins
6a1bc4ac-e3d7-4ede-8b60-9e22af4067bb.jpg,dyed-resection-margins
6a85ef68-269f-417b-94fe-cb1eddab36a2.jpg,dyed-resection-margins
6b203ae8-b43e-4b4b-90dc-a52804a85fa6.jpg,dyed-resection-margins
6bbbc5e8-e199-4bbb-9965-f413b093b29b.jpg,dyed-resection-margins
6bc45c69-8764-4380-bae9-9181692739b9.jpg,dyed-resection-margins
6bdfadc1-6ccb-4040-a1b1-825c1a1292b5.jpg,dyed-resection-margins
6c0fa5e4-5914-4900-8a20-dc785b3c44b7.jpg,dyed-resection-margins
6c1f1b20-6f67-4491-b153-adc8e3936bce.jpg,dyed-resection-margins
6c21d369-a84b-425e-a762-4b714806384d.jpg,dyed-resection-margins
6cb86104-8a1e-422d-bee4-8f10c596726a.jpg,dyed-resection-margins
6cc00f50-d9e8-4e4e-9264-957b44e88475.jpg,dyed-resection-margins
6cc19876-fe6f-4496-ab13-614b0e281b6a.jpg,dyed-resection-margins
6cc674ff-cb96-404b-95ea-b0c3c55b39cf.jpg,dyed-resection-margins
6cc89dd1-2b8c-4f46-96f4-a7cd380e07f8.jpg,dyed-resection-margins
6dcf74e6-4476-4831-ab30-bf1f37b1ed6e.jpg,dyed-resection-margins
6dd01c33-66b5-42ca-90a3-68812fdf7d8d.jpg,dyed-resection-margins
6e494589-9418-49b9-906d-6287bb2a8128.jpg,dyed-resection-margins
6e720482-b66c-43d4-a0bb-7ea235f9b54b.jpg,dyed-resection-margins
6fa7bdaa-1542-41f8-b82b-eea347ad2405.jpg,dyed-resection-margins
70c4a023-628b-4d1a-9703-e8527fe6dfb8.jpg,dyed-resection-margins
715ffe27-affe-4641-a709-fb6ab4bf5c0f.jpg,dyed-resection-margins
7191c008-6655-4785-a5f1-5fa25bc6bdb1.jpg,dyed-resection-margins
71b61403-5e4b-4475-a4f6-b2750001abec.jpg,dyed-resection-margins
71d9d91e-872a-4132-b5d8-1514145478bd.jpg,dyed-resection-margins
71f67286-d43b-4aa9-aed2-825b71ff8ce7.jpg,dyed-resection-margins
727df716-a7d8-487e-9ce5-06c0b117c938.jpg,dyed-resection-margins
728975b8-6f2f-4c05-9aea-365df3476982.jpg,dyed-resection-margins
729c4755-3b7e-4d8f-a42a-58cc5f9d744a.jpg,dyed-resection-margins
73bf3c4f-c78b-44c7-ba98-3c8f1aeed6cc.jpg,dyed-resection-margins
73f2e0e9-9a0c-495d-b201-f6a0dbd05957.jpg,dyed-resection-margins
75f0d19e-778c-4016-bea4-22f46546e0b1.jpg,dyed-resection-margins
76594c04-8899-4982-b973-5e484a98789c.jpg,dyed-resection-margins
768c1b5b-f860-4bda-9857-90c02fab9f1c.jpg,dyed-resection-margins
76ebd7d9-9936-4a93-b9b7-a61718031ac2.jpg,dyed-resection-margins
77b7cb2f-f005-4188-a92e-389d7182fcb9.jpg,dyed-resection-margins
77c7e9a6-be8f-4c92-8bc1-6c27675538c6.jpg,dyed-resection-margins
78e995d4-15c8-4c17-9e46-b95bc154e168.jpg,dyed-resection-margins
7968c7cf-8dd3-460e-89e0-91999a257aed.jpg,dyed-resection-margins
7a3d857c-e46d-4caa-b607-fa48afc834d3.jpg,dyed-resection-margins
7ad847a5-c570-4225-88cd-a74196096339.jpg,dyed-resection-margins
7af7653f-b9e8-41e7-9245-049808a0fdf7.jpg,dyed-resection-margins
7c7cae2f-027d-427e-8240-272bc58a8679.jpg,dyed-resection-margins
7ca2306c-e0f4-47bd-b688-f3de0c358faf.jpg,dyed-resection-margins
7ce8b8b3-6e36-4ad7-86ba-137a1cd5d2b6.jpg,dyed-resection-margins
7d5cea75-5975-46f5-8a3e-a25a6f3497be.jpg,dyed-resection-margins
7d810afd-dc37-4331-8be3-372e2c926384.jpg,dyed-resection-margins
7e4b41a7-3306-43f9-ae92-ede41b771336.jpg,dyed-resection-margins
7e56eb56-b9f8-491b-acb4-ed5dceb1d6cb.jpg,dyed-resection-margins
7f7e2ec5-f4c5-4459-ac97-d6fd52a82b1c.jpg,dyed-resection-margins
7f9c74bd-03aa-4738-81c0-715aee6c5e86.jpg,dyed-resection-margins
80a2a9b3-d142-4487-bef0-b9e416e52fc1.jpg,dyed-resection-margins
818e949c-9f26-4922-bcba-149a2b65454d.jpg,dyed-resection-margins
81a0300d-35ba-4c07-8cb6-f26c5511f8e5.jpg,dyed-resection-margins
81a19f64-c1f3-4adf-aa69-ef6cad6267b6.jpg,dyed-resection-margins
81c7e595-9adc-4785-bc4e-19d1e22d5399.jpg,dyed-resection-margins
820e9738-e89a-4802-837e-91bdea9e302e.jpg,dyed-resection-margins
8280c0f6-c4d2-4a77-a6c0-d7c89fb43d5b.jpg,dyed-resection-margins
82b78190-96f6-4123-84fd-82a6d61b283b.jpg,dyed-resection-margins
8365ead1-588f-4dc9-be0c-110e99b8b6e0.jpg,dyed-resection-margins
84b98df1-e9ae-4352-8d05-60a4f793f298.jpg,dyed-resection-margins
8513d335-0b58-43eb-8668-f6f836d1c8c1.jpg,dyed-resection-margins
86515399-efbe-4536-81c8-26f8c49b1205.jpg,dyed-resection-margins
87067da4-8aac-4f04-8641-9a67365510aa.jpg,dyed-resection-margins
872a23eb-2855-4f18-b5ff-95dc556d1796.jpg,dyed-resection-margins
883e2ae7-b1c6-4702-b30d-5585a106ccf6.jpg,dyed-resection-margins
894bded3-493a-482f-b8b0-737d9c23f48d.jpg,dyed-resection-margins
8a18ddfa-9680-4625-8716-f991452c3132.jpg,dyed-resection-margins
8a32fa44-6ed6-476c-b9e8-9ef2c3dbdd0d.jpg,dyed-resection-margins
8a497a48-0d8d-4d7e-bd61-9a713735cffb.jpg,dyed-resection-margins
8a69020d-a527-4cf7-90ef-ff00dedd5ac1.jpg,dyed-resection-margins
8a920e05-5d78-4e0d-ab5a-8faebc58937d.jpg,dyed-resection-margins
8a923684-129a-4ecd-b523-32e88c58b74d.jpg,dyed-resection-margins
8ac933b8-468a-48dc-96ed-2495cddc8a6e.jpg,dyed-resection-margins
8b793030-4370-441d-a5dd-0e0c3d2c145c.jpg,dyed-resection-margins
8bc1a4e6-8b76-4804-b92f-4598c10a045c.jpg,dyed-resection-margins
8bf5ddd7-9d7c-4658-8d6a-a71dabdcc370.jpg,dyed-resection-margins
8c3646ed-1744-4092-8a56-69dce680a593.jpg,dyed-resection-margins
8c449b9c-b6d7-43e8-8c1e-bc324f158d19.jpg,dyed-resection-margins
8cdbd6d3-6855-4b23-8c03-cc94737fa7a2.jpg,dyed-resection-margins
8f1351f3-6dbf-4180-ad1c-3112c107bd81.jpg,dyed-resection-margins
8f22ddb2-e57a-4aad-ab55-c0a89f65dc31.jpg,dyed-resection-margins
8f5a0e4a-0a33-491f-abac-18a053ea95c4.jpg,dyed-resection-margins
8fc7d933-245f-48ba-b0db-ac2a125b4d81.jpg,dyed-resection-margins
90d76564-923d-4f7a-8552-2205f9b95909.jpg,dyed-resection-margins
91c7512c-b400-4049-b35b-10ef5d16d193.jpg,dyed-resection-margins
9247211f-bb99-43f6-86c1-86c757da5828.jpg,dyed-resection-margins
927ab02d-7560-4d05-bc7a-1f2339f7c684.jpg,dyed-resection-margins
93a04913-7d41-4f37-a448-18ba9509da01.jpg,dyed-resection-margins
94171044-34df-40a3-8afc-0fcea9f3632d.jpg,dyed-resection-margins
94205883-6ad0-4a23-bd51-cb941abc1d53.jpg,dyed-resection-margins
945239aa-9ac2-4189-aa22-3a7fd5bbacef.jpg,dyed-resection-margins
94a5709e-0b95-45cf-9529-dab11496823a.jpg,dyed-resection-margins
94a9e2e3-e972-43a4-9958-142cad87f38c.jpg,dyed-resection-margins
94aaec39-2b33-4c51-b4f0-11c70f4cd7b5.jpg,dyed-resection-margins
94eced16-7a89-4b32-a92b-3670f59c0a62.jpg,dyed-resection-margins
9511cc40-e87a-4990-b9fd-081dd985e805.jpg,dyed-resection-margins
9520231d-f9c2-4389-bb46-2652e7603c1c.jpg,dyed-resection-margins
95279bdb-8b57-452f-93f8-b1e78ddf8531.jpg,dyed-resection-margins
95b3461d-4bd2-4a09-a61f-c9a4e85a4e74.jpg,dyed-resection-margins
95f6324e-908c-4c40-80e7-11a03905dd7f.jpg,dyed-resection-margins
9691bc78-f289-4b6d-be7b-c240955138d2.jpg,dyed-resection-margins
96d1e2e4-8093-4964-90e1-187862bbb5ca.jpg,dyed-resection-margins
96f5165a-c676-42de-b914-008aec17d525.jpg,dyed-resection-margins
97653f55-18b1-4bd5-8c4b-76e5be3fe636.jpg,dyed-resection-margins
979ea17f-13e3-4721-b41f-68fcf563cf41.jpg,dyed-resection-margins
98091b59-0f63-4e8f-97b9-353bed892af9.jpg,dyed-resection-margins
982bfd69-4e70-4ac3-beb1-37da08a6db3d.jpg,dyed-resection-margins
98c057ef-0b40-4856-ba3f-4fffd9cf7523.jpg,dyed-resection-margins
998fe244-94c1-4fa0-b787-00f874d20f79.jpg,dyed-resection-margins
9a6f4254-3cf2-4922-87f8-0e70293780df.jpg,dyed-resection-margins
9ae87823-cd0e-4309-aef4-71ff1a43902c.jpg,dyed-resection-margins
9c7c79b8-1196-440a-baa1-158f451bd63f.jpg,dyed-resection-margins
9c8fa14e-6d82-40e3-a106-34cd403684da.jpg,dyed-resection-margins
9cbf7337-877f-47fe-8ef6-0a643db3715c.jpg,dyed-resection-margins
9db49cb0-902d-4996-89ef-e88abbf1fc31.jpg,dyed-resection-margins
9e412d22-8fe1-4f27-a1c3-a99a6436395a.jpg,dyed-resection-margins
9e483351-8199-40cd-a504-6d18b00a5a29.jpg,dyed-resection-margins
9e4c2446-df9d-4b64-9f70-0f5fa62674c6.jpg,dyed-resection-margins
9ecf716f-138c-4308-af37-c05a318c8ea8.jpg,dyed-resection-margins
9f22910e-1279-483d-89b4-02b23f07291e.jpg,dyed-resection-margins
9f68ecd9-b57c-4d44-b171-d076fb049291.jpg,dyed-resection-margins
9faf1303-c0e4-482b-a25a-11f39c8e0f33.jpg,dyed-resection-margins
a035fbc1-f7ef-426f-af88-240b9e61d4bc.jpg,dyed-resection-margins
a0471134-2faf-40bf-b8d8-ba805fb72b74.jpg,dyed-resection-margins
a0a5fdf9-7ba5-4a5b-95c2-189892631b07.jpg,dyed-resection-margins
a0ea2ca3-cc27-4933-b19a-24a47aa47954.jpg,dyed-resection-margins
a10125bb-9f59-4c8a-8dbc-b1cd70e0f863.jpg,dyed-resection-margins
a1230b68-092a-4b8b-aacc-268aa74cd0fd.jpg,dyed-resection-margins
a23145ee-93cc-44b8-b3f9-d4adfca011b4.jpg,dyed-resection-margins
a24533c2-f157-4403-8032-310b2f62d4e1.jpg,dyed-resection-margins
a27b8323-c7b5-484b-bfb1-1d95669e7175.jpg,dyed-resection-margins
a2b4fa21-6738-4aae-8021-bc3fb22438cf.jpg,dyed-resection-margins
a3b038cc-df06-4d2d-9771-93762ce3ba81.jpg,dyed-resection-margins
a433ee47-7058-4104-96d4-01fcb8ef5ef4.jpg,dyed-resection-margins
a46c2d97-2da5-4c80-a50c-632069dc72f5.jpg,dyed-resection-margins
a46e59b6-07a7-4eed-8c68-eaae61a51e79.jpg,dyed-resection-margins
a48ca21c-c25d-4e8f-86ca-e0eee0f55f1d.jpg,dyed-resection-margins
a510691e-08f6-4327-9091-d4c2ebce5b38.jpg,dyed-resection-margins
a5beb0db-9052-49a6-a2a7-5331d3dff843.jpg,dyed-resection-margins
a742037e-1c55-4b92-a7ab-120ddc5ec13f.jpg,dyed-resection-margins
a74f39dd-bd19-43fb-a90d-a7b8b8dd84a2.jpg,dyed-resection-margins
a76da743-ce86-4911-8e69-0c7fc01fdd32.jpg,dyed-resection-margins
a895ad43-3be4-42e6-a6f4-05e36cd6f9dd.jpg,dyed-resection-margins
a99c7d38-bdbf-45bd-8e88-984510a64ac3.jpg,dyed-resection-margins
a9ec0fc7-758d-4242-a36c-b5817956a798.jpg,dyed-resection-margins
aa0778b3-e251-4042-a800-5774b0bef4a8.jpg,dyed-resection-margins
abcc3878-3edf-4079-b92f-1fea4ecbb899.jpg,dyed-resection-margins
accb32ea-f0b3-4808-9de0-a3725e11461f.jpg,dyed-resection-margins
ad316a67-818e-48d5-8fda-72ca7a86fcea.jpg,dyed-resection-margins
adef6f06-51a8-43d8-a0a9-5d0d6c5baa0f.jpg,dyed-resection-margins
ae124d49-2f17-4eb0-9835-ad569cc9403e.jpg,dyed-resection-margins
aea0446c-2a06-464a-9b43-b176a7f366df.jpg,dyed-resection-margins
aed5cb07-fb4c-43fb-8f62-470dd8a9983a.jpg,dyed-resection-margins
af9e1020-4e88-4873-91a1-3583ae89ca04.jpg,dyed-resection-margins
b087df42-ccf1-4aae-8b49-94d27781b21c.jpg,dyed-resection-margins
b0f65e0a-c35d-4a34-9564-0efcfa50298d.jpg,dyed-resection-margins
b139abeb-82c1-403c-b780-d763deeb83e2.jpg,dyed-resection-margins
b15fa0e3-364a-4c56-a1c5-905867c57714.jpg,dyed-resection-margins
b19deea2-3d62-4a39-bf44-aa571981e2d5.jpg,dyed-resection-margins
b2104e25-9926-4f1f-9409-94790f6fba93.jpg,dyed-resection-margins
b24787c0-f886-4b4d-b318-155d45cf805e.jpg,dyed-resection-margins
b2b619ce-1436-4d84-b2da-cb422e411658.jpg,dyed-resection-margins
b393b908-ca51-4322-b884-577f47829852.jpg,dyed-resection-margins
b476814f-d4a1-482e-96a9-7c0a681d76c0.jpg,dyed-resection-margins
b520d99c-7330-4c7a-a2d8-8dc031ea70de.jpg,dyed-resection-margins
b571f592-7ba1-4223-be73-df220e2a5e7c.jpg,dyed-resection-margins
b5cd5827-35de-4f57-b299-fe80e076fe5e.jpg,dyed-resection-margins
b7db2df1-a2e6-4c9d-ab90-b1fe1780a945.jpg,dyed-resection-margins
b83d4bd4-5405-4df4-87d7-c690539fda6b.jpg,dyed-resection-margins
b9127def-7f9e-4524-9fbe-54dc54ad9b14.jpg,dyed-resection-margins
b94ed007-c31e-4a6e-b58c-229bbb4e8201.jpg,dyed-resection-margins
b99245a4-de5a-4a6a-8f72-54ac6963c830.jpg,dyed-resection-margins
b9c6b358-035a-42d0-91e0-b1402b183b81.jpg,dyed-resection-margins
ba63a40b-476b-44fa-a8b3-1831bc4d241a.jpg,dyed-resection-margins
bac98c43-6e7e-4287-92de-119100adf1de.jpg,dyed-resection-margins
bbcf113e-151b-4fe4-8a22-78cf2126f650.jpg,dyed-resection-margins
bbdb51fd-74c3-4dcc-9f2a-348992bd7656.jpg,dyed-resection-margins
bbf29d00-bc7c-446c-85c7-b5c433e117a2.jpg,dyed-resection-margins
bc41be07-f045-4cf1-a54b-0f5747535c3d.jpg,dyed-resection-margins
bd8c1711-2f31-4c78-a5bb-7e08586e50d6.jpg,dyed-resection-margins
bfbb809e-76e6-4979-96e7-c42d35ec6300.jpg,dyed-resection-margins
bffa14f8-b9d5-4701-af40-175bb4b4a538.jpg,dyed-resection-margins
c078c82b-1fbd-47a5-b8c4-b77140b51e8f.jpg,dyed-resection-margins
c093b987-02d8-499d-8c1f-eb53dd4aec5f.jpg,dyed-resection-margins
c0e44696-70ba-4997-b571-ce3bbe27ee4a.jpg,dyed-resection-margins
c0f195e9-e9ea-490c-9a05-8fcd19b1cc5b.jpg,dyed-resection-margins
c103fa73-8029-4df7-a7bb-dd8fee19d193.jpg,dyed-resection-margins
c1320e78-c3ec-4f9c-913f-61a6e7412da0.jpg,dyed-resection-margins
c18ee76a-3c0e-487e-ab46-fb8ad9b47415.jpg,dyed-resection-margins
c1a4919e-07c4-4d3c-b0a9-948c211b812f.jpg,dyed-resection-margins
c2325cc1-ade7-4dcf-9713-c37b02be9e97.jpg,dyed-resection-margins
c2e52297-9b6f-420f-abbf-7ba930ee609f.jpg,dyed-resection-margins
c3cff716-7dfe-4142-bfdf-a7ce4f12b5fa.jpg,dyed-resection-margins
c424e137-66dc-449d-a70e-e6f28ea7a49d.jpg,dyed-resection-margins
c4c647ca-d3f1-40e5-bd12-0f45cc5189bd.jpg,dyed-resection-margins
c6f589db-1f28-4efe-9bd9-f539900856cc.jpg,dyed-resection-margins
c7377417-9345-40ec-944f-4543ac81a1e7.jpg,dyed-resection-margins
c7a8827b-348d-46b4-b6a0-3e18bbb13aa8.jpg,dyed-resection-margins
c7ca5137-2a2c-43bd-a430-13ef512a0c9d.jpg,dyed-resection-margins
c837c12d-ac15-45b0-b8b7-a85fbd68ef59.jpg,dyed-resection-margins
c8cb218f-5f64-409e-a1a3-0cb4163a24f4.jpg,dyed-resection-margins
c921e1cf-e0fa-4d79-bd75-23e568a6a9a1.jpg,dyed-resection-margins
ca60fc42-e1c7-456c-8c50-c0d2b32fcccf.jpg,dyed-resection-margins
cc861afd-a6d5-46f1-a8f5-392d5c23cf46.jpg,dyed-resection-margins
ccad947a-e0c2-4fb0-8bb8-0a37b15cf681.jpg,dyed-resection-margins
cd0cc1b3-cea6-4799-ac4a-0320f3a8e275.jpg,dyed-resection-margins
cdd27de3-c84b-4978-ac7c-713c1bcda726.jpg,dyed-resection-margins
cdd97ef6-ea32-4c9b-a0fb-09b6181b81f5.jpg,dyed-resection-margins
cdd9c8d3-e031-4167-a3f4-d799b083620a.jpg,dyed-resection-margins
ce149d5e-d2d3-4556-87c2-8357c6326114.jpg,dyed-resection-margins
cf5d9149-c61a-4250-8104-5cdbb6e457da.jpg,dyed-resection-margins
d032f46c-498a-47cf-98dc-01e3d1c9a2ef.jpg,dyed-resection-margins
d127bf92-344e-48cd-b5a6-5695c0bec0f8.jpg,dyed-resection-margins
d19db613-822c-43c8-94e2-b3beee22690a.jpg,dyed-resection-margins
d2676cbb-f821-4b54-bf6b-5c05f448fceb.jpg,dyed-resection-margins
d29a0b73-71f4-45b8-a7b4-c0fbd1e35992.jpg,dyed-resection-margins
d4217886-9b0f-4abf-9e62-31b1d55ac1e0.jpg,dyed-resection-margins
d47c78a2-4dc9-4831-9797-3140ec34ea47.jpg,dyed-resection-margins
d5e7cad5-7aab-4519-9195-c8c9ff1eb6e1.jpg,dyed-resection-margins
d623b258-1f04-40b6-95a6-3e545b5d23ad.jpg,dyed-resection-margins
d64c1af9-12c0-4959-ac3f-afcdc965ffdc.jpg,dyed-resection-margins
d6571415-2f0f-411f-858a-2f59a35ec183.jpg,dyed-resection-margins
d65fbee9-7e8c-4345-8c80-754725dd9e2d.jpg,dyed-resection-margins
d721cf4a-a82f-4dac-8855-d1764e81efd3.jpg,dyed-resection-margins
d77d059e-a1a0-4e5b-83c0-6f157de53ab3.jpg,dyed-resection-margins
d79b8ffc-6ab9-45f8-b226-6a40aafeb9b5.jpg,dyed-resection-margins
d7a8d2b8-f8f2-41b6-9d8f-e86d817210b0.jpg,dyed-resection-margins
d7cf13d4-aad0-4a41-9e92-1e5d73cedbdf.jpg,dyed-resection-margins
d7ee066b-d483-4747-ba4f-f1f65e949e47.jpg,dyed-resection-margins
d91ec8fd-f45e-4a62-9510-5742b9c244da.jpg,dyed-resection-margins
d975df7c-e62b-4713-ab5c-db893fbdd541.jpg,dyed-resection-margins
da355995-b77b-4d5c-a07f-a72fe6ff20bb.jpg,dyed-resection-margins
dab1d5c7-bbfb-491b-96e5-9ea900b884ce.jpg,dyed-resection-margins
db448b3d-9cc9-4c11-bb9a-33872f69a4fd.jpg,dyed-resection-margins
dcbcb701-0793-4431-a143-3b7eb891e8a9.jpg,dyed-resection-margins
dd57ac54-066a-44af-90f2-1108f13824db.jpg,dyed-resection-margins
dd5e6c27-c680-44ef-a29f-2421d567bd17.jpg,dyed-resection-margins
ddd60fc8-99a0-4243-8bd4-6622a4aefb63.jpg,dyed-resection-margins
de582410-cd28-4236-9b46-37a10aa6064b.jpg,dyed-resection-margins
decfde72-063d-48c4-b9b8-e7431b5f3bb1.jpg,dyed-resection-margins
defd9b52-b297-424a-8432-60e9669bf474.jpg,dyed-resection-margins
dfcd2143-adf1-4a37-820c-c57c2c484610.jpg,dyed-resection-margins
e03f1c0e-86ce-4e6c-a912-22f9feee32c1.jpg,dyed-resection-margins
e0427018-c8db-4ded-9037-1f311a5f177e.jpg,dyed-resection-margins
e0ff46ca-8557-4771-9460-0b7b4f6d82fd.jpg,dyed-resection-margins
e1501922-a3d9-4c93-9f56-d8496a540eea.jpg,dyed-resection-margins
e16d342e-0f3a-4547-b3b8-afed34b425b3.jpg,dyed-resection-margins
e22df259-46d5-4360-a8f8-373deb8b341d.jpg,dyed-resection-margins
e2492f68-0c78-40d3-9d7e-782787b57103.jpg,dyed-resection-margins
e28a5573-5d97-4a26-8438-3f921ebe2686.jpg,dyed-resection-margins
e34bc9c4-5bdb-40f2-b0cd-f1e8cb515e89.jpg,dyed-resection-margins
e3dc6cb6-3f03-4624-8463-c1629bbeb07d.jpg,dyed-resection-margins
e3fd6b64-6901-47e3-acff-376f5e596863.jpg,dyed-resection-margins
e4181088-600a-4598-830a-0dab961dcc16.jpg,dyed-resection-margins
e498c543-2557-49e5-a364-5bc5b2101468.jpg,dyed-resection-margins
e4abf27f-db0c-4836-88ee-ce4f181d0df3.jpg,dyed-resection-margins
e5108f0f-0904-4b4d-9935-0bb5c879a3d8.jpg,dyed-resection-margins
e520c26b-a74b-4461-aca4-74486da8b3bf.jpg,dyed-resection-margins
e526452c-fd1f-47b9-b1a7-45c9b20503bf.jpg,dyed-resection-margins
e533ad9a-e19f-4bba-aa00-6c1b9399c825.jpg,dyed-resection-margins
e54d6e7a-7332-457f-80b7-3ffe414a9bd7.jpg,dyed-resection-margins
e6456a47-401b-4986-aa40-adb4a4e312ad.jpg,dyed-resection-margins
e6f13699-5386-41cd-b62e-29d948552b3d.jpg,dyed-resection-margins
e72c9ae6-a57d-48ac-ade7-6e92dd552a6d.jpg,dyed-resection-margins
e7eddc20-8b3b-49fd-be64-9bd3bfde1ac0.jpg,dyed-resection-margins
e910fa8e-804d-46a2-aec4-95ca26726068.jpg,dyed-resection-margins
e96daffb-ad19-479c-840b-3b8ac92d878c.jpg,dyed-resection-margins
e9982a25-d22a-4518-9456-7decfb6b53a7.jpg,dyed-resection-margins
e9fb6239-1f6b-4c85-b289-650bf60bb0c7.jpg,dyed-resection-margins
ea0d877d-cb3b-42cf-83b5-c7be6700a198.jpg,dyed-resection-margins
eb243b5d-0fd6-4fca-b548-9291453065f3.jpg,dyed-resection-margins
eb31612b-e3e0-4567-b125-81cb560cf50f.jpg,dyed-resection-margins
ebaf0c5e-1b02-4306-8bef-c9a0c053ffe1.jpg,dyed-resection-margins
ec35e137-12d1-4942-91d9-34423e0572e4.jpg,dyed-resection-margins
ec40e8a0-8277-4245-a5b1-a912dac236a0.jpg,dyed-resection-margins
eca0b6fa-eb99-44eb-b529-113131605072.jpg,dyed-resection-margins
ecc596e7-a3bb-4d09-8ed5-c45055205460.jpg,dyed-resection-margins
ecccb324-a2c8-4df9-b12b-b6e8eed3a1b3.jpg,dyed-resection-margins
ece60f51-3987-434c-a271-1178f4206652.jpg,dyed-resection-margins
ecf85859-e489-40f9-baee-654d4841cd43.jpg,dyed-resection-margins
ed2fd3eb-e539-4c84-b53c-043a26cffed9.jpg,dyed-resection-margins
ee18d5bb-a6c7-4aca-ac11-625994099502.jpg,dyed-resection-margins
ef339002-d76f-4540-81d5-2f2ae7d6658c.jpg,dyed-resection-margins
f893e21c-7bf4-4070-a698-e439d5c87d47.jpg,dyed-resection-margins
f8f82618-70f5-4d8b-9011-4dc7e7b5f54d.jpg,dyed-resection-margins
f8fc731b-36b4-4f7a-88ce-324a95e3b8d2.jpg,dyed-resection-margins
f91bcfe4-d6ff-4d60-86db-baf521314182.jpg,dyed-resection-margins
f9a003d6-f059-4462-a848-c1bb11a7f0ad.jpg,dyed-resection-margins
fa293d85-9f1b-468f-a9ac-f092ad3b2e12.jpg,dyed-resection-margins
fa32d6eb-f2fe-4d85-aad4-c7d295796b0f.jpg,dyed-resection-margins
fa71b854-1863-4e8b-9a67-4c764b3b0b7f.jpg,dyed-resection-margins
fc0293e1-183f-41ae-8c38-fede4442eb74.jpg,dyed-resection-margins
fc19b00b-4236-4f95-9adf-b0703240faeb.jpg,dyed-resection-margins
fc5ca52b-1306-4050-92f5-9b60932e8c85.jpg,dyed-resection-margins
fcaf1976-bca8-4840-806c-5e358fd7cc88.jpg,dyed-resection-margins
fd320991-c3e7-49fa-b058-e47cc6f26f44.jpg,dyed-resection-margins
fdc7a126-c812-400c-85d6-f2c7d2f9779c.jpg,dyed-resection-margins
fe5bca10-cbfc-4f15-9676-ca3ade2aa997.jpg,dyed-resection-margins
ff4be1f7-49c2-42d0-b313-8193b24edef0.jpg,dyed-resection-margins
ff776a23-fa72-4774-81bb-ce9e850e1c68.jpg,dyed-resection-margins
ffbccdd9-a276-4625-bf65-9e594985b7e2.jpg,dyed-resection-margins
ffc5a497-60ca-4fb4-81a5-6836be3df198.jpg,dyed-resection-margins
001fb927-4814-4ba5-851d-189db99291d8.jpg,esophagitis
00687a70-bbad-4bf9-864f-9f7b3c27a2c8.jpg,esophagitis
0134d93d-0922-4063-9acd-a4177f2b0c07.jpg,esophagitis
01a57b1a-780f-4e52-9f94-291c2982154d.jpg,esophagitis
01f092a2-fccb-49f6-af06-8351c8bb47f1.jpg,esophagitis
022b40a7-a36f-4510-95a1-b6bb709e94ed.jpg,esophagitis
02b1d319-dea6-418b-969a-c588585cb4f2.jpg,esophagitis
02de4b4c-8704-45f7-b90f-6004d76bdded.jpg,esophagitis
0339a2f7-65bb-41fb-8650-e119670b4e2e.jpg,esophagitis
03ccdf30-eac8-4e3b-b8e5-54fbf64709dd.jpg,esophagitis
03ea76c5-d607-4d58-a4e0-7dd34d091050.jpg,esophagitis
041a32e1-59d0-41db-b9a8-127b889ef244.jpg,esophagitis
04461514-f778-4bad-b1a8-d2c3515d3b37.jpg,esophagitis
046f8e03-f28e-4087-a5ee-5fc91fedcbac.jpg,esophagitis
049a6372-b157-4ccc-88fe-31be260195c5.jpg,esophagitis
051a61f3-3c6a-4e0d-bee5-a99c22783499.jpg,esophagitis
05b66499-59ea-4a50-b7c0-22b4bf58adda.jpg,esophagitis
07ae1635-4a1b-41a7-bed5-3e06b71370d2.jpg,esophagitis
07e4d99e-49f0-495a-b9d0-bf3f2eec3860.jpg,esophagitis
099c90f2-63d8-4648-a56b-777edf1db178.jpg,esophagitis
0cbddd47-c7f6-474b-9e9a-b5d2429a2312.jpg,esophagitis
0e0fae29-2b15-4dc2-aa4f-ed8b9e045c3f.jpg,esophagitis
0e26859d-d9fe-4c93-a34e-338882ed50af.jpg,esophagitis
0e462695-39fd-45af-b520-fa040e855c48.jpg,esophagitis
10142b82-3d14-424e-89ff-08321b108031.jpg,esophagitis
10871cdc-d831-4516-b117-b796a74aa5a9.jpg,esophagitis
10b9522f-f3d7-40c0-bfff-c82f2228850a.jpg,esophagitis
126c8c6f-2465-4a16-8a1b-e83d5946363b.jpg,esophagitis
12dc6ae2-b4f8-48d8-90e9-a82f2e0158a4.jpg,esophagitis
139adf37-d948-44ef-986b-14e17d41b868.jpg,esophagitis
146d0bd0-7549-448d-b96a-08670cc94328.jpg,esophagitis
167754c7-ba9e-465d-be3f-aee12d54590b.jpg,esophagitis
16d75896-1fdc-454c-b36f-2619846be6d0.jpg,esophagitis
170708d1-58c7-4b37-b20b-bc78203f4593.jpg,esophagitis
170763a3-2afb-40cc-83dd-4f631dad4e6d.jpg,esophagitis
172d405f-bced-4502-99c9-e50029244a8f.jpg,esophagitis
17e2a780-7946-4cd5-8400-492d08b3ccea.jpg,esophagitis
187feb04-0661-411d-8b55-1c54d292645a.jpg,esophagitis
191715a7-bbf3-4c4a-a972-25a527fdda70.jpg,esophagitis
19550c07-0861-4c6e-b81b-261201b242bd.jpg,esophagitis
1a859df4-b4f0-4a79-86e1-7c3abc7a92cc.jpg,esophagitis
1aae1cce-e4fb-491f-8842-23f884f2d050.jpg,esophagitis
1bcc6ea1-e7c7-4fd7-8267-a7b3db522e5b.jpg,esophagitis
1bd6f3ca-3fa5-4f56-8978-a9e961d8f0e4.jpg,esophagitis
1cb135e4-c6b9-40d3-a9a3-8b70171f41b1.jpg,esophagitis
1ce3f236-f169-4fde-895b-b71d163b25d9.jpg,esophagitis
1d1d7be4-3fa6-4529-bd4f-d75d974444ba.jpg,esophagitis
1e7d7c2c-77ca-4858-b9be-e14952edf946.jpg,esophagitis
1ed3011a-0fb0-4ff7-a5ea-5f953dc429fc.jpg,esophagitis
1f06e970-e8ac-4cf8-b418-d8f59ed66cf3.jpg,esophagitis
1faa0b38-43a0-4abd-8585-35c2d160f97e.jpg,esophagitis
1fb7e9de-7cab-4d58-8d83-8d7f6bc5cb23.jpg,esophagitis
20aaa79f-0625-4acf-b13f-24a8cf49a7bd.jpg,esophagitis
20fcf45c-065f-484a-bbf3-0969e5cf500f.jpg,esophagitis
2214b85b-0363-4a84-aa38-1c1f0365b491.jpg,esophagitis
22759b17-a727-4f3c-93ce-dedd3b9af3cd.jpg,esophagitis
232ab0d2-a927-4837-a35c-8639159ca4a2.jpg,esophagitis
23640c48-6dd2-4f6c-9c1c-466df61484af.jpg,esophagitis
23a964b5-fc4f-463f-a987-e6684d18a3a1.jpg,esophagitis
23c13ff7-738c-43a3-936d-8b2d1214f5ba.jpg,esophagitis
24c76e50-daf2-4046-8855-2f5379e415d1.jpg,esophagitis
25139543-9790-4f85-824c-923b663b1b24.jpg,esophagitis
257d6845-b37f-4a68-9e8c-1e67ba25c1e9.jpg,esophagitis
258e2f1b-b6bf-46d9-91f9-a7a56629fdfc.jpg,esophagitis
25a88ded-9f6c-46df-af8e-22ff202467f6.jpg,esophagitis
264c03bf-a4e1-4dae-9b7b-6550822fa2f3.jpg,esophagitis
264e0e14-60c8-4c14-9485-a64c903f690d.jpg,esophagitis
26947e85-e3f0-4d8c-9826-b099eea3458a.jpg,esophagitis
2727547e-69ba-43f6-ba24-cf4e95150045.jpg,esophagitis
2890103d-e207-4aeb-8363-e4abd0bf10aa.jpg,esophagitis
296fe49c-5da6-4ba4-b1f0-e2d395794e72.jpg,esophagitis
29847506-a517-4486-b262-1d24fcf90fa5.jpg,esophagitis
29bcacbd-7a7d-47c4-a696-aa74f8e4dffb.jpg,esophagitis
2a1b7a49-94b0-4c0c-b22e-fb9da449923a.jpg,esophagitis
2be37724-b2fd-4377-adda-2ab6ddfa9c7e.jpg,esophagitis
2c8b339b-4c9f-4540-9133-f2052aa778a3.jpg,esophagitis
2da0b31b-9a3b-4b8b-b8f4-9ff0f6a22a2c.jpg,esophagitis
2dd873ff-32b9-470a-9c85-d423d8a464d3.jpg,esophagitis
2de6cb74-dc87-4e79-9ca6-c7b7ad6ed0f9.jpg,esophagitis
2ee6154d-5398-4722-9463-6c22318506de.jpg,esophagitis
2f65f0a6-dacc-476a-8394-744331276be3.jpg,esophagitis
2f6b8639-58e4-4f3c-b651-42646de546f7.jpg,esophagitis
3043f3c3-0b79-493d-a64b-39dc575b58d7.jpg,esophagitis
30663285-6b97-435f-9e72-3062f72b9f56.jpg,esophagitis
30cafcba-8349-41c8-947b-7de265491928.jpg,esophagitis
30e89c0e-2572-4c06-9c40-ecb5ffbe8d05.jpg,esophagitis
3218e50e-844d-4591-b426-2850114ccb21.jpg,esophagitis
32944763-eed7-472e-bde9-74caf126805c.jpg,esophagitis
330e50d4-2692-459d-bf21-ceb7458c7e12.jpg,esophagitis
333823a3-1145-4930-877c-fe1ef283479e.jpg,esophagitis
33ac9022-8ab6-4d04-b7d7-997b4dc7b069.jpg,esophagitis
33dfcf44-a3c1-47a5-86cd-fa0194546d07.jpg,esophagitis
34dd24b5-e521-4c90-bf72-dc2adf970c77.jpg,esophagitis
355275d8-d921-4871-a8db-bb664895b033.jpg,esophagitis
3638fb40-a662-47e5-9945-0dee7e1db513.jpg,esophagitis
37288ffb-df1b-4b77-afb5-6c40d5b74f9e.jpg,esophagitis
37340f5d-938e-436a-b710-ae17ae161389.jpg,esophagitis
38758b7c-7b5e-4c4e-a9ce-63493ac60bd0.jpg,esophagitis
38f54c4a-a63f-4a51-bf38-23b6238442fa.jpg,esophagitis
390055b1-ecf3-413c-9a6e-2dff19cf11fb.jpg,esophagitis
396ba775-4e3b-4152-879d-378925818605.jpg,esophagitis
398368d8-b3b5-40c8-b106-02aea843ddb4.jpg,esophagitis
399200d3-651e-4dec-97a5-b7fdf738a247.jpg,esophagitis
39f38423-4d29-4337-809c-8ea5b96c0774.jpg,esophagitis
3ac8affa-19d4-4f2c-a71b-49b96cb4588b.jpg,esophagitis
3ad02972-62f0-4163-bb40-2064a11675e6.jpg,esophagitis
3b309340-0d91-4848-a6a3-57149c34b499.jpg,esophagitis
3bc675d6-d621-4ade-b2ec-547ac0190c55.jpg,esophagitis
3c1af6d0-f291-479d-80c1-46c892152974.jpg,esophagitis
3cf8fe59-509f-4ca8-b763-030568eca586.jpg,esophagitis
3d6b19f6-e32a-4116-ada3-bb2ac17e9d0f.jpg,esophagitis
3d7e90c2-ccbe-459a-9a51-7e4e78d19605.jpg,esophagitis
3d9254af-0f00-4eab-9933-28ae1a8fa07e.jpg,esophagitis
3e1c6671-3f01-43fa-aefd-45ea2054fa75.jpg,esophagitis
3ea0322d-cc11-4863-b4c1-1bab466d3547.jpg,esophagitis
3ec0b71d-dc90-44d5-95c3-3ee618109f71.jpg,esophagitis
3eeaadd6-6ff1-420f-9bfe-a501cc96b8de.jpg,esophagitis
40202110-543a-4f18-8da5-ac38c1519c80.jpg,esophagitis
4087f9e2-9837-4478-8cf7-791a696e7f0a.jpg,esophagitis
40ce6828-3268-4ce1-a2bc-bde9acf0a97b.jpg,esophagitis
412416e5-be9a-449b-aa1e-61de74224532.jpg,esophagitis
4152c0a4-db41-49a1-97ab-dae35b6c7226.jpg,esophagitis
42e6425d-607d-4d9e-b0c6-e5728e5afe75.jpg,esophagitis
42f340f3-ae41-4fb2-b768-76fde48d9a31.jpg,esophagitis
43cce00a-65bc-4866-9c40-f6848980d27b.jpg,esophagitis
448fe4c5-3828-4b16-b19c-96c36fafe375.jpg,esophagitis
44cbbce2-0279-441c-871a-c143b66ed92c.jpg,esophagitis
4546da81-bb19-48d7-bc3d-996f03e3b3bd.jpg,esophagitis
45c3c14e-98e7-4438-9c4c-937a471ab2ec.jpg,esophagitis
46928933-82b7-43b3-9e71-325d2164ca2a.jpg,esophagitis
46b9af9b-df93-4cb4-9a27-fe2c758f1a29.jpg,esophagitis
46c23a40-8a71-4c0d-bc56-cdf82c8a29a5.jpg,esophagitis
47883359-1819-4efc-9343-df4dceb394ae.jpg,esophagitis
47fab28b-dcf2-4fb1-8078-ba0127985f01.jpg,esophagitis
484717e2-6223-4926-9eaf-3db66e18f6c6.jpg,esophagitis
48793a86-6d60-468d-a886-94ca325727f9.jpg,esophagitis
48a526c8-703b-4ef5-9cde-cc2dcd41c9d7.jpg,esophagitis
499898b4-50a1-463b-97a7-592f26cae754.jpg,esophagitis
49cf77e8-4793-4c5a-b398-8e8128e1a03e.jpg,esophagitis
4a5fb443-168f-4a69-9d65-008926ea3dc5.jpg,esophagitis
4a940acd-0587-4667-88d8-19e97b8d8337.jpg,esophagitis
4abadec7-dfa0-4e44-a43f-473caf5bc2f3.jpg,esophagitis
4b38d164-4a6b-4edc-9603-6ed6e838cfe5.jpg,esophagitis
4b457254-1939-46ff-9ed2-533c4cc0dc25.jpg,esophagitis
4b480f49-cae9-4a30-83b1-981c24f1f3e9.jpg,esophagitis
4c0979fa-b0fc-41a7-9e33-8dfb3a6f2d22.jpg,esophagitis
4c48acf8-8050-4829-8780-ee90c2cc02e5.jpg,esophagitis
4cf62566-cb6e-4c44-ab96-582cf2f79401.jpg,esophagitis
4d0196af-b603-4495-b5f3-e88d3f55da81.jpg,esophagitis
4d6969a5-91c2-4ea8-9251-c7718f6c156c.jpg,esophagitis
4e3e31f4-9de2-4b96-91a4-df3482f5dbd3.jpg,esophagitis
4f7fecf7-afb7-4cda-a0fc-d691f29e78c7.jpg,esophagitis
4fbfce91-6dce-48cb-8c29-8394131fe52c.jpg,esophagitis
506c305a-cb08-47a0-9205-0239e9765d47.jpg,esophagitis
50e02337-77aa-4a33-97de-08738a933467.jpg,esophagitis
52ee0f1e-45b7-4841-9e07-4f1282fe74d7.jpg,esophagitis
55343e97-6359-4318-994b-790bffaa800d.jpg,esophagitis
55866948-68f1-430b-875b-953fc91c6dc6.jpg,esophagitis
56990aa3-2a8d-4493-ba6e-b73cb17d24d2.jpg,esophagitis
56aa598d-bb7e-4331-a0ed-f0df25541fe9.jpg,esophagitis
5772d802-af02-4e24-bd05-24944bceab68.jpg,esophagitis
57deb95e-ac17-41d1-b990-cffd781a0c9d.jpg,esophagitis
59ed5461-f108-4889-9b19-b9eb0bb49597.jpg,esophagitis
5a3f8d66-6413-4b4c-987b-b76b1119a126.jpg,esophagitis
5a607154-a85a-4d45-9350-42cab272fb0b.jpg,esophagitis
5a623300-3aa2-4b64-a96c-eb9b4bc7f3bf.jpg,esophagitis
5b64f132-93e8-4e65-b2a6-ab9c0e0684b9.jpg,esophagitis
5bb9c631-4a44-451e-88c9-3b114bd14bde.jpg,esophagitis
5bc98f3f-7bde-4163-b936-5c80c847d5c3.jpg,esophagitis
5bcaebe0-42dc-4c2a-8c77-ec910a7c961f.jpg,esophagitis
5c0a51a1-a15c-4aea-8d52-9c2c12030c47.jpg,esophagitis
5c67fac3-1bd1-4d16-aba5-cd2ed95d9981.jpg,esophagitis
5c7b7292-8351-4d27-b70d-9fdbeae7a833.jpg,esophagitis
5c9201a8-cea8-4bb8-ba55-7e6572cf5a38.jpg,esophagitis
5cd4cad5-ddbf-4673-b0c7-83e51dc18a9d.jpg,esophagitis
5e84a5b6-b753-4aa2-a853-0d72e54aa3c4.jpg,esophagitis
5edc1245-3a76-445d-9852-10a45d44ecb9.jpg,esophagitis
5f68e14f-6a53-45e2-9cb8-ab67cacc11e7.jpg,esophagitis
5f90e8e7-f144-4b10-a74a-0e737a8912a3.jpg,esophagitis
5fa663c3-4622-4230-a4d5-53c712c9bb70.jpg,esophagitis
5fbeee15-a663-464f-a8c6-ee16da8e47c4.jpg,esophagitis
62431f0d-b4b8-4d98-a555-a581d2bf8e70.jpg,esophagitis
62a86305-8e4a-4d13-920e-83baf459c83a.jpg,esophagitis
64fd9711-749e-4790-abde-0c3d92a34886.jpg,esophagitis
65d4b5a5-7183-47dd-be70-720c126d288f.jpg,esophagitis
65e4d45e-193c-4f67-a698-874c5b90c47b.jpg,esophagitis
6654701d-aa5e-4280-90c6-c324fa7e8c69.jpg,esophagitis
66fba2df-e37f-40c2-bbdd-741ae3f982e5.jpg,esophagitis
67475ab5-8be7-45e7-a03a-0e80263e81ed.jpg,esophagitis
6768b579-d528-4260-be9a-635831e1bee6.jpg,esophagitis
67bf32ef-2360-4d54-a5a9-54207b52f0db.jpg,esophagitis
68022cdd-499a-4ec1-a123-476be3863ccc.jpg,esophagitis
68155056-019f-4b70-8355-07ad9b0e127f.jpg,esophagitis
688f85ac-fc19-43f2-904d-5b40285a929f.jpg,esophagitis
68c3146f-41be-4bb4-88a3-f9372a00ec2b.jpg,esophagitis
69d9d3d4-ceb9-4ad4-a6f7-95d3ca9ed64a.jpg,esophagitis
6b486dae-9f61-4071-93a5-942e7294207a.jpg,esophagitis
6c1420b4-ffb3-4e13-a9be-ce87417be3e4.jpg,esophagitis
6c86a237-0007-4d86-9963-403b2d69e364.jpg,esophagitis
6d14438a-5da7-434d-9f43-25673610d2d5.jpg,esophagitis
6daf36a1-dacc-4ec7-af33-e005f33c04a0.jpg,esophagitis
6e105a54-7716-4217-9acc-b445b2989a19.jpg,esophagitis
6ea979d7-209b-49bf-ab40-c9dc4c277231.jpg,esophagitis
6ede6012-c082-4f86-9f17-dd4e0c8d2dd5.jpg,esophagitis
6fdc2a8f-eba5-4906-ba29-4245d9510785.jpg,esophagitis
703c0447-864d-4db8-9df7-4f3d5b86d983.jpg,esophagitis
712957b8-e36f-4885-93e8-d20ea53dd244.jpg,esophagitis
712e0e8f-a059-4e0f-b688-007f2baaedc0.jpg,esophagitis
71a4671e-3257-4b64-9a8b-2d0b154ed7d0.jpg,esophagitis
71e23057-21c0-4c49-b9c7-d6c231387c37.jpg,esophagitis
721ca31e-0e78-447e-80d0-276004cb82e8.jpg,esophagitis
74233815-f763-4c59-90b2-e2ce7b3d69e6.jpg,esophagitis
74564687-c6bd-4ae7-8e51-1c6fb782e532.jpg,esophagitis
7512169f-59b7-4931-9cab-4338c5d9ac1b.jpg,esophagitis
7535a7df-e754-4686-a2b6-98d1dd60dc1e.jpg,esophagitis
7653ae95-dd99-47a2-be36-1e75a425c3e5.jpg,esophagitis
775b9c1f-2006-428c-8104-837c514367ca.jpg,esophagitis
7803e74c-0064-475b-9128-53e1444b18c8.jpg,esophagitis
7a0140e4-5a86-4691-a1a9-ec5a5d55a5d7.jpg,esophagitis
7b65a336-1ccb-4995-a860-6d3d9bece646.jpg,esophagitis
7b7637c5-4d78-458a-9763-989581a59c5d.jpg,esophagitis
7bc9e345-b607-4538-b084-d54a3d9ea152.jpg,esophagitis
7bd3ab1a-9e69-4a5f-9e8d-eaa2cc42cf67.jpg,esophagitis
7d72b867-6504-4fa8-bf51-f204aed9456e.jpg,esophagitis
7d92b09c-7cfe-41f2-9123-0d9b748c61f4.jpg,esophagitis
7e275d5b-b278-4076-b6d2-4cb6f6066161.jpg,esophagitis
7f7d27fb-fa49-483d-814d-eefea55f7be5.jpg,esophagitis
8170282a-4020-4520-8cd4-38461d9385db.jpg,esophagitis
820bb90d-3a37-4b1a-8498-56a385ccc69d.jpg,esophagitis
8277598f-d130-4859-8609-858861786278.jpg,esophagitis
85b99115-d334-4a40-a60c-98017e6e4fc3.jpg,esophagitis
85ca4da2-a727-49cf-b436-be431d57f294.jpg,esophagitis
86739b62-e86c-49f9-8d9c-2615d8a9a0a1.jpg,esophagitis
87d5f55a-465e-4c4b-beaf-e3aa08fa87ef.jpg,esophagitis
88059c4a-87d0-4a24-b982-9b4f791ccef8.jpg,esophagitis
88104218-58e9-4ce7-a361-aac71c7dcf08.jpg,esophagitis
88bac517-668e-42ed-979b-785c52c599bb.jpg,esophagitis
8a114060-74f5-457a-b220-ea60f2d60baa.jpg,esophagitis
8a9f6a2f-94a7-4764-93dd-a07afd3e310d.jpg,esophagitis
8b21be1f-8425-495b-b96c-0f29528fbc6f.jpg,esophagitis
8d09b6ea-fc91-4ee7-8815-bf66ec5f03fd.jpg,esophagitis
8d591ee1-35cc-47f3-b450-ab754073282d.jpg,esophagitis
8dc062be-ed0c-49c7-a629-87c8b0304707.jpg,esophagitis
8e74b4cf-a29b-4d2d-8b52-f3ebf4195acb.jpg,esophagitis
8f0bc5ab-981c-41fb-8f8e-d4b5dd88a337.jpg,esophagitis
8f7ec633-bde3-4923-8921-d06c4a356afd.jpg,esophagitis
8f8b5d47-f221-4012-a2dc-e989c8b36ff0.jpg,esophagitis
8fffbd0c-11a5-4a62-a4d4-053046f617ab.jpg,esophagitis
9001e0be-4a49-44f1-ac4b-19e369c1bf99.jpg,esophagitis
91391ec6-d297-45b2-b7a7-82a2a473641c.jpg,esophagitis
936144be-2bd4-4cc5-9fe5-1d79b4edea25.jpg,esophagitis
942c3b8a-7b96-4722-8b49-cdb582d6fdf7.jpg,esophagitis
949a67c8-2a8d-463f-8b60-a9741cd9975f.jpg,esophagitis
9532229e-6b76-4122-b178-bec049debe84.jpg,esophagitis
967583fd-c979-41e0-98b5-f5737e2213d1.jpg,esophagitis
967e3bf2-ede9-4af8-b601-17389642ed1d.jpg,esophagitis
96b17b4f-ff56-4fd8-8b34-b331550da205.jpg,esophagitis
97867a53-bb29-425d-a288-56f703bfda58.jpg,esophagitis
97fb21f9-f05c-447a-9d55-b9d719a8e696.jpg,esophagitis
985276ad-f4f0-49c7-b31f-ecd090d8ea50.jpg,esophagitis
9873eca7-0ace-4a97-a7aa-adabcd155ee0.jpg,esophagitis
98e66a62-b6d1-4f9e-a42a-959185ddf4d9.jpg,esophagitis
993000b5-b801-4604-bb22-a4590d743b47.jpg,esophagitis
9946a997-9246-4892-a485-2878e315ccfd.jpg,esophagitis
99957174-54b1-4dab-bdec-7ac3c0d25dff.jpg,esophagitis
9a45a65a-598f-4671-9c4c-4d584e3ad167.jpg,esophagitis
9a8c5e49-24d9-4d03-bc17-3f81fef07add.jpg,esophagitis
9aa5d479-fb32-4893-b322-e8eae3896d6a.jpg,esophagitis
9ae60867-ef66-4ab2-986b-32fbe9fd0831.jpg,esophagitis
9b51c32b-70cd-4bff-9084-99d1bcf5c675.jpg,esophagitis
9cbb9449-9778-46a0-87c4-6ef80b0b0924.jpg,esophagitis
9ccbbce4-b7d7-4165-8809-86d3f12126ed.jpg,esophagitis
9d1f6229-130d-411b-9344-e0db077e5a6e.jpg,esophagitis
9ee47525-b614-4abf-896f-ae660dead766.jpg,esophagitis
9f09d34c-13e0-425a-a20f-32e72f7e8223.jpg,esophagitis
9f81dbf3-7a12-4fda-a831-21efa4740904.jpg,esophagitis
a0315140-77ae-4301-a350-a1c66582dfe7.jpg,esophagitis
a04f9f42-d015-457d-8a07-d635dcfd3629.jpg,esophagitis
a0b35d4d-d47e-427a-bd55-9f5cc5d652bc.jpg,esophagitis
a0d8313c-a74b-4105-8f48-0f741d77497e.jpg,esophagitis
a0fbae96-ba9d-4668-a423-d5b211a52fb6.jpg,esophagitis
a13f92bd-8996-4f40-b37d-30616c743980.jpg,esophagitis
a151093f-671a-4cd5-8247-593b0fee2e34.jpg,esophagitis
a1873c6b-153b-43cf-8442-119a9d6fdc3f.jpg,esophagitis
a1a08fcc-daba-476f-b673-0089c667ce86.jpg,esophagitis
a1cb7a98-420e-4bfc-a33d-2f6210710d87.jpg,esophagitis
a25a6213-262d-4a96-9025-ab679377a066.jpg,esophagitis
a278ce61-44c9-476a-bc66-50310242d5d1.jpg,esophagitis
a2e62163-7d8f-4485-8afe-f3cae56ca969.jpg,esophagitis
a3158f5b-a5df-4b23-afc4-9819a22bae76.jpg,esophagitis
a3c621db-f69d-41eb-8542-9f0c32d511cc.jpg,esophagitis
a3d9f1de-d7bb-4e24-8676-5c7c6f1ef0cf.jpg,esophagitis
a4174e37-b7c0-46da-a367-451732db8793.jpg,esophagitis
a421fb38-6232-41ff-b873-199fa4e87957.jpg,esophagitis
a4736283-aa21-4e67-8332-4f0696f3d5fa.jpg,esophagitis
a47ae543-0255-4338-9108-1f6c897569bc.jpg,esophagitis
a481bd68-9711-4a86-88e4-191f66fc3f38.jpg,esophagitis
a4b7d94f-f2fe-46b4-9cbf-a63c78fd3e6f.jpg,esophagitis
a5852bda-c1c9-435b-bd18-75675a6270d5.jpg,esophagitis
a5cbdf35-20ca-4e13-a127-de18e4b3be67.jpg,esophagitis
a63915df-cfb1-47f4-94d8-4ffd3f1c3d06.jpg,esophagitis
a6d6282c-d1e2-4a52-90f5-29e808c47afe.jpg,esophagitis
a7078721-b8a8-4b7b-8f52-c3dbf92332ff.jpg,esophagitis
a7ab94d8-529f-484f-b130-d9ebf6c8cb24.jpg,esophagitis
a7baa2c3-3d51-4b42-913f-8d26adfb4cf3.jpg,esophagitis
a80c23d9-b0d6-4c2a-8776-21006dbf22aa.jpg,esophagitis
a8295f9a-bbf4-4323-afdc-41b9ab509757.jpg,esophagitis
a8509083-57f3-4269-baca-7aedb26178e5.jpg,esophagitis
a8f5f718-7df4-4422-8631-e4509c55925a.jpg,esophagitis
a930913e-95a4-487b-a0f5-84164a51fd9e.jpg,esophagitis
a930d15f-678c-46e7-8c80-f5987c14e94b.jpg,esophagitis
a933fd53-f554-4687-bda4-27acb3ba8e0c.jpg,esophagitis
a9851823-7846-49c7-ba8d-707ee9d51209.jpg,esophagitis
aa8cb3bc-c11c-4b2e-811a-38f18795ce52.jpg,esophagitis
aac1dc09-d025-45a1-a223-b509357fbddb.jpg,esophagitis
aafc6a8f-7881-4439-8363-d2ed38eae925.jpg,esophagitis
ab146ccd-524d-4fc1-a22e-5b180380dfae.jpg,esophagitis
ab739387-949a-48ab-804b-94e79b97ed50.jpg,esophagitis
ab7ecbfc-81ac-4a1b-9b37-ae6b59119898.jpg,esophagitis
ab9f43a9-adcc-4bef-ad67-8ddf23f2a4a6.jpg,esophagitis
ac3b1938-a8c7-4359-9366-bd4502da1965.jpg,esophagitis
ad31c9e1-54d6-401e-abad-bb2ca564e2c2.jpg,esophagitis
ad879312-1a6e-4c89-b72c-25d0629fc0c4.jpg,esophagitis
adcf33d3-c19a-45f2-8138-aaee4b19fc1b.jpg,esophagitis
add0cfe7-c591-4b99-96b4-471d1c71b296.jpg,esophagitis
add68477-a0e2-438d-a276-cf96843d3ab3.jpg,esophagitis
ae3c1bd9-9998-482c-b325-e86889eb00b7.jpg,esophagitis
ae67b076-24f7-466f-9b79-21376ff3439a.jpg,esophagitis
ae742612-b781-460c-aee2-5d31f7ba467c.jpg,esophagitis
ae848754-9922-432c-9e19-b2ce67f279ba.jpg,esophagitis
aea30cff-1b64-49c0-8fe7-cdead4cf48bb.jpg,esophagitis
af1b5ba3-7457-4658-a2ab-5eed3da58337.jpg,esophagitis
b02cb6dd-bfab-46cf-a023-907b45008aa6.jpg,esophagitis
b0768234-5fd3-42a5-ad88-940fc8159ca2.jpg,esophagitis
b0eed469-9bca-42ea-bf3d-a3ee105798a8.jpg,esophagitis
b0f4331f-5866-41ee-9e49-c14626e53ea3.jpg,esophagitis
b138e72a-1687-4288-974d-297a57660508.jpg,esophagitis
b178c056-11c6-4cc8-882c-6b2f208a25ce.jpg,esophagitis
b227cf1d-1f71-4c46-9c18-6e9b18ce074f.jpg,esophagitis
b2c978d7-87ff-481c-b985-d799887161d9.jpg,esophagitis
b3301626-bd34-48be-91a7-a48b3e5eb85d.jpg,esophagitis
b38843e3-1331-4356-8a96-b02c0ea8e903.jpg,esophagitis
b3f7e1e1-14c2-4e28-869d-4e53ff96cb7c.jpg,esophagitis
b409c9b5-adf6-4043-bc51-d1cf09d7bd6b.jpg,esophagitis
b416631b-a5ab-40b7-ab0a-ce3d1031130d.jpg,esophagitis
b454055c-9ad4-4be1-a0c2-191c4a4cdb55.jpg,esophagitis
b4655c20-af1e-4480-b7e0-ae518a2ec7ce.jpg,esophagitis
b4dbf62b-ccbe-475f-851d-d5a2c46ce155.jpg,esophagitis
b50b5a17-cad9-42a7-83f3-7bde7fdebf4e.jpg,esophagitis
b56d32cf-5a09-4027-a4b2-4a20762adf95.jpg,esophagitis
b6bda350-19be-48e8-a499-100f47af8c10.jpg,esophagitis
b6ce7b76-0b1f-4b6b-b87b-d0a971ce6983.jpg,esophagitis
b6f826a0-80ee-4528-bcbd-0074948a60c1.jpg,esophagitis
b71d9a49-1135-49ce-93f3-fee8e1725e17.jpg,esophagitis
b77b8e44-cd94-47d2-8d29-13f96c5471f7.jpg,esophagitis
b82ba7d5-35cd-4137-ac9b-2ca5cc45749a.jpg,esophagitis
b85b023e-0dd2-4dfb-bf15-74e501913107.jpg,esophagitis
b85e74c0-7c72-4ca6-86dd-1d067831b7d4.jpg,esophagitis
b9cede89-3e71-4172-8744-ace0d9b67c27.jpg,esophagitis
ba84197e-fe95-4bae-b947-360de3b45e31.jpg,esophagitis
bba3ca13-8cf8-4721-91ef-29a281655c3a.jpg,esophagitis
bbfe2c3b-fba5-4836-a2bb-53a9cf203b22.jpg,esophagitis
bca40f5f-7e06-42a9-bd97-5ebf969884e9.jpg,esophagitis
bcba8054-fb9a-47d5-97f9-c3b9fd8c11be.jpg,esophagitis
bcc8a916-0f9e-4c15-835c-8d39305be46a.jpg,esophagitis
bcc98363-47a1-40b8-99c8-71d612d88dda.jpg,esophagitis
bce1be9f-3360-4c7a-9501-b56110c59406.jpg,esophagitis
be035679-3d26-443e-bcd4-0786fed77c4b.jpg,esophagitis
bf0d00a4-5880-43a6-aeb1-ef4bd8e0823c.jpg,esophagitis
bfc76131-b6fc-4a60-bb67-044c0910d8cc.jpg,esophagitis
c09be39d-58b8-4f32-864d-310d39cd300a.jpg,esophagitis
c0ca2a49-1c7d-41a4-b679-ee9e1c46736d.jpg,esophagitis
c0e43ff1-4566-4daa-a4df-a18706510712.jpg,esophagitis
c1045fff-ba45-4b04-9791-f22705c95900.jpg,esophagitis
c1659eb9-1695-46d3-a87c-2bb0546fbdd6.jpg,esophagitis
c193c807-efb9-4478-9bca-26d4834d19ef.jpg,esophagitis
c1d9fee6-39c3-49bd-9c88-2048d5de9192.jpg,esophagitis
c1dda47b-4bc6-40bc-9a4e-a38926982ffb.jpg,esophagitis
c2b65b04-5263-4740-a15c-d74d865dcade.jpg,esophagitis
c2e79235-b422-4cec-997a-973becd8cac4.jpg,esophagitis
c333c477-fdd8-4807-8097-951900b1ead4.jpg,esophagitis
c33f47a9-ce15-4302-80fc-3cbe621538e5.jpg,esophagitis
c3d001b4-62d9-403d-a25b-fe4dc3c71cf1.jpg,esophagitis
c4cbe50d-4bac-41fe-94bf-1df29c6255f6.jpg,esophagitis
c5d1accd-936b-4548-9587-285c8f6b6fcd.jpg,esophagitis
c71b7cde-8e34-4172-886b-f5531074bfbd.jpg,esophagitis
c7dc87ed-9548-4422-8841-40f6a6fc8dd1.jpg,esophagitis
c7ef4dea-7622-458c-a602-368aae16c768.jpg,esophagitis
c873acd1-dcbb-491a-a2f9-d54cac60bae9.jpg,esophagitis
c87b8bdf-2f56-4f16-a665-b9030de64bf6.jpg,esophagitis
c8f6930b-5313-4a77-b0b4-63c589399f1c.jpg,esophagitis
c94912f9-1e4d-4325-868d-153ccb6c32c4.jpg,esophagitis
c9cdb039-896d-4900-b231-8fbd5948be02.jpg,esophagitis
ca8961f2-ec09-488c-bda7-4ff024841e7a.jpg,esophagitis
cb376b28-90ad-4370-91ba-4d1dad6f464f.jpg,esophagitis
cb84c532-4318-4065-bd46-60e6a4a3912d.jpg,esophagitis
cc4ea119-4407-483f-af61-96c18d5a525a.jpg,esophagitis
cd5ed90f-f0b7-404e-95ca-b467f8b6acb0.jpg,esophagitis
cdb8f4a5-3a5c-40a6-a845-1395510867be.jpg,esophagitis
cde2b201-1521-4eee-babe-0e9a319dd820.jpg,esophagitis
cde2d60c-26e7-4458-97cd-8029f1a42ba1.jpg,esophagitis
ce312140-5efd-4a1e-9851-6f469901077b.jpg,esophagitis
ce3538e1-b525-46e4-a490-891732a5bea9.jpg,esophagitis
ce3b7319-c77a-47f3-a6c7-5a63ab686ad1.jpg,esophagitis
ceb61e27-08b3-4887-8bde-3c8f6c537e28.jpg,esophagitis
ceb91887-a328-4d20-8792-d4626d726a9f.jpg,esophagitis
cf22c0c7-3200-444a-a35d-ed2cfcedc9c6.jpg,esophagitis
cfc0198f-a0e4-41e7-89a7-1760e2511a4b.jpg,esophagitis
cfc39f0a-8aad-4d91-9cf6-899abc19fb43.jpg,esophagitis
cffcf643-4bec-4829-b37c-e7dc8bb325d6.jpg,esophagitis
d009d322-3c01-474d-8469-0029382a7970.jpg,esophagitis
d00e8f3e-c837-45b3-bb5a-bcb5ecd5b079.jpg,esophagitis
d0eadb9d-06b9-492e-aa20-7bb91961a2a7.jpg,esophagitis
d143f5f1-df57-4807-b209-7cb6e5e31098.jpg,esophagitis
d18c0598-5747-4f2c-9f79-7bb2fae51740.jpg,esophagitis
d1caf825-4453-454a-9f0d-d9d3c079d7da.jpg,esophagitis
d1d0ee22-0d41-425a-85a3-4a26a11c5c8b.jpg,esophagitis
d22de4c4-9b9e-46b2-aa36-a04bf29d5aac.jpg,esophagitis
d25e3269-fba0-4256-973e-2d2c32d59846.jpg,esophagitis
d32bcd37-a17f-4007-a091-a4c951fb146b.jpg,esophagitis
d3a247a7-5a6d-4aa0-95f6-d61ce2fac87d.jpg,esophagitis
d3b07ca4-5b8a-4200-934b-f31ff024672d.jpg,esophagitis
d4064274-fd37-4043-a0ac-7dc329fb85f7.jpg,esophagitis
d4777fd3-0b1d-4bbd-a0b2-7b5447ac2479.jpg,esophagitis
d48a7787-4af8-4a62-a0ac-072af4ddf4f0.jpg,esophagitis
d4c4f3ba-6be0-48fb-a935-62c081e9e86d.jpg,esophagitis
d4fe7e05-367f-4c7b-885a-f6f88d388692.jpg,esophagitis
d53df126-9ff0-44cf-a2c1-8cb9318714c4.jpg,esophagitis
d55f27b0-d121-45b8-b1f9-219b32efdce2.jpg,esophagitis
d5a27a5d-1329-47fd-b5f7-57ce90df35ac.jpg,esophagitis
d6bd754b-7b74-47fb-9cc8-01e841c66e97.jpg,esophagitis
d6be9846-972d-4293-9c83-a9eec6668a8a.jpg,esophagitis
d92933ea-edd1-43d2-b79e-977629942b3d.jpg,esophagitis
d936cfc3-fe13-48a3-8791-2230b37d3c10.jpg,esophagitis
d9e397f7-29e4-4851-b7fa-bbb32e5f1169.jpg,esophagitis
d9e9fe08-dedf-49ab-90c1-e344fc07a43f.jpg,esophagitis
da6683e4-66bc-4e5d-8b89-e7bbc95ac1b7.jpg,esophagitis
dacf6704-b44f-47e4-bd83-030afc32e6d5.jpg,esophagitis
db5b8353-2fd8-416d-96cd-4fa3c818c980.jpg,esophagitis
db8fbd54-6c06-4bb8-bac8-3b0f16ea34fb.jpg,esophagitis
dbcca79c-330e-4723-82a1-c8fa6b734a5b.jpg,esophagitis
dbfb3684-1528-409d-bb6d-3322582b6a60.jpg,esophagitis
dc340838-0dea-4f0b-8950-8e123ca0507a.jpg,esophagitis
dc3f443b-125b-48f4-86a6-ba6dfd858d24.jpg,esophagitis
dc485548-8434-446d-8f00-59fae6e44758.jpg,esophagitis
dcd89477-e825-425a-b1bc-ae9004d2ecf9.jpg,esophagitis
dcdbc533-dac9-4e49-a463-be8211e0bf0f.jpg,esophagitis
dcfabd80-8c76-49f3-89f7-e9839051e781.jpg,esophagitis
ddafc78b-dbd8-49fb-a633-4c5daee5abc4.jpg,esophagitis
de4266dd-5946-4cd9-a7c9-53d0c12e9907.jpg,esophagitis
dece789d-5df2-4a92-b4da-6880e53eeca3.jpg,esophagitis
dfcf7709-3b15-4ae1-9ef2-55e9150b14dd.jpg,esophagitis
e01448e1-7641-4da3-a26d-a961ef1ec4bb.jpg,esophagitis
e068a8b4-1e6c-42ea-b4b9-e3c74467fbb0.jpg,esophagitis
e275fbea-78ca-4dc7-9673-31a5486c9a73.jpg,esophagitis
e2a2e51a-acf8-4cdf-b0aa-9a33073fea11.jpg,esophagitis
e33477fd-60fa-47f2-a78a-0594396fb2fd.jpg,esophagitis
e359e0cc-d2a5-4d11-a475-4a93b82a3e3c.jpg,esophagitis
e4216c39-46ff-47f3-8395-d2c5fdc5d0a4.jpg,esophagitis
e4e76b7b-64a2-41f0-b418-21dad8bedc7b.jpg,esophagitis
e519955b-0a83-4973-bd38-fbdf5b35c65e.jpg,esophagitis
e55a7224-6402-41c3-8baf-38cb835de330.jpg,esophagitis
e5b10161-403b-42f1-969b-d2075fd9051e.jpg,esophagitis
e5d89fd0-30d1-425a-8dd7-2e7fa8d48734.jpg,esophagitis
e6126516-9aa3-4283-88f0-ae9365229196.jpg,esophagitis
e648c132-fa9c-4273-b4ce-6ff8c0b28710.jpg,esophagitis
e7947877-dbd1-4e13-bc5c-93234c33c366.jpg,esophagitis
e7c9cb9c-f104-40c3-950b-842d107a5210.jpg,esophagitis
eabc0ef8-fc37-4014-b741-c0a4932f58c7.jpg,esophagitis
eac5f036-d81d-42ad-b003-0538961f3b1b.jpg,esophagitis
eb51a8c3-99f1-461b-b994-249cc2873fe2.jpg,esophagitis
eb842a04-1c59-46f4-84c2-5d0d9c01065b.jpg,esophagitis
ec2bd839-2704-4101-9704-8fb0e9c6524a.jpg,esophagitis
edf42906-f3a7-4db6-98d6-0a8d2a846fc0.jpg,esophagitis
ee48c182-c168-4bd2-896b-baa7785348c9.jpg,esophagitis
ee9948d8-36f7-47b8-9424-999071cc0c7a.jpg,esophagitis
ef42ce38-be0b-4f74-9a2b-61c191e25a1b.jpg,esophagitis
f0269d34-85b7-4ace-8cea-f08d1d2ca0ac.jpg,esophagitis
f9002c33-a657-496e-aa98-a66b53ae8352.jpg,esophagitis
f9040c9a-a93a-4261-84ea-14d0b876eb32.jpg,esophagitis
f93416dd-2fbe-4ffa-a62e-42c6096ac6b2.jpg,esophagitis
fa0070a4-dae6-40ff-95df-c9d9d0a8ef23.jpg,esophagitis
fb2c8f30-734e-443f-a5b5-aeefac4f74b6.jpg,esophagitis
fc16618d-0b01-4351-98f4-8d1c3e7a9d82.jpg,esophagitis
fc91b04b-c192-4964-8565-6de42b3895d1.jpg,esophagitis
fcf9d17b-11d3-4cf5-b9a9-148492c66a00.jpg,esophagitis
fd4b4be4-171c-4e5c-b8b1-3e9896eb073d.jpg,esophagitis
fd62acf0-ea44-42a0-8aa6-ade2754a6003.jpg,esophagitis
fd79ccc2-c2e5-4026-936a-732271436289.jpg,esophagitis
fdc184a4-f124-4a38-9602-1b8e1c7227a1.jpg,esophagitis
fdcc6c6c-02e9-4b69-b73d-701f295fd210.jpg,esophagitis
fddce585-cf2b-40c3-858e-be851bfcf984.jpg,esophagitis
fe9116fd-d274-4f65-a6c0-33e00d0e9c9f.jpg,esophagitis
ff0b2f1d-9d25-48a4-8c7f-5caac483c96d.jpg,esophagitis
ff0b3237-7ef5-4310-9e9b-8478c4c353a3.jpg,esophagitis
ff2f37a2-6290-45fa-a9c6-45b987e84d97.jpg,esophagitis
ff40343a-c7b6-4f0e-afed-af3e96e6330a.jpg,esophagitis
ff60e0a8-160d-4fc4-ba8a-82171b2e8c10.jpg,esophagitis
ff8857e7-c9bc-41ee-841c-85e0685de3a6.jpg,esophagitis
ff995981-19f1-44db-861c-b19876f02613.jpg,esophagitis
